Date,Close,High,Low,Open,Volume
2021-03-18,365.4373779296875,370.32878550577965,364.75592985260306,368.23780733354624,115349100
2021-03-19,364.76116943359375,366.7185215102519,362.57902982560887,365.13577721148323,113624500
2021-03-22,367.6737976074219,369.0598779072766,365.22008364773114,365.276273388736,73778600
2021-03-23,364.77984619140625,368.4885113362142,363.9931613777038,367.0368956527284,90686600
2021-03-24,362.925537109375,367.82361875706545,362.8787218556425,366.1846847460537,97588600
2021-03-25,364.9671936035156,365.76322438235565,359.53528100576926,361.48328710314735,116128600
2021-03-26,370.8486328125,371.2513354528067,365.51975365812234,366.1191203770628,114409100
2021-03-29,370.6612854003906,371.5697241805581,367.87977932756746,369.36886439554,108107600
2021-03-30,369.6778869628906,370.3521922411114,368.07639406415694,369.3875638578948,76262200
2021-03-31,371.1763916015625,372.74041546812293,370.2211375092786,370.2492323772652,112734200
2021-04-01,375.1847839355469,375.2410022566375,372.9090137092309,373.1150522840873,99682900
2021-04-05,380.56982421875,381.11302977511093,377.7789720579834,377.85388217916733,91684800
2021-04-06,380.3450012207031,381.39391422507504,379.6706959206447,380.0078628610418,62021000
2021-04-07,380.78521728515625,381.13173016634283,379.71758377503375,380.17647612247123,55836300
2021-04-08,382.59271240234375,382.6489021342962,381.1036273441264,382.04016098431885,57863100
2021-04-09,385.374267578125,385.54286537621095,382.3492818264006,382.471035788063,61104600
2021-04-12,385.5148010253906,385.7863752590293,384.1661900183948,384.77493129415467,56704900
2021-04-13,386.6573181152344,387.2848083159337,385.02775850316095,385.4117407781049,56551000
2021-04-14,385.33673095703125,387.6874106739289,384.79352550638436,386.62912321593916,61659900
2021-04-15,389.47625732421875,389.7478600943017,387.4346207591229,387.4814360108745,60229800
2021-04-16,390.778076171875,391.3868173846605,389.3451806977681,390.7687016886695,82037300
2021-04-19,388.85809326171875,390.2909884719837,387.5282316055179,389.84147065275465,78498500
2021-04-20,386.0111083984375,388.74577080213885,384.53136914456286,387.64066789352995,81851800
2021-04-21,389.6635437011719,389.8695822374006,385.252449845648,385.3929527509193,66793000
2021-04-22,386.1047668457031,390.3285432917998,385.03713321050617,389.4950430989676,97582800
2021-04-23,390.29107666015625,391.70525180773853,386.5917853934421,386.6666955199945,73209200
2021-04-26,391.1058349609375,391.67713539485504,390.35661941365066,390.94664023299106,52182400
2021-04-27,391.0216064453125,391.60228144560665,389.87903399432275,391.405588757118,51303100
2021-04-28,390.9091491699219,392.4169832445719,390.44088233369035,391.2931314053205,51238900
2021-04-29,393.40032958984375,394.0184452393067,390.01008229066707,393.6438374889247,78544300
2021-04-30,390.8154602050781,391.9767813050414,389.9163959508624,391.1245322985736,85527000
2021-05-03,391.6583557128906,393.1942559265177,391.16199405729486,392.81027372792676,68128300
2021-05-04,389.2420959472656,390.1599091777435,385.5428053216485,389.6635475057194,101591200
2021-05-05,389.36395263671875,391.1246408679832,388.80202660407656,390.89050740277776,60162200
2021-05-06,392.4732360839844,392.6043359572241,387.42530505900004,389.4388470624038,74321400
2021-05-07,395.32958984375,395.98517484775925,392.5574581716832,393.24113804267915,67733800
2021-05-10,391.41485595703125,395.9102058149185,391.2931020158375,395.68544689624537,81852400
2021-05-11,387.9215393066406,388.9142625462382,384.03493093492546,386.8820008235796,116888000
2021-05-12,379.6801452636719,386.40445062739644,378.3596292664934,385.13077846545326,134811000
2021-05-13,384.2409973144531,386.1796286907633,381.18788868784316,381.2347325154382,106394000
2021-05-14,390.1412048339844,390.99345394959835,386.9569958994236,386.9850907678179,82201600
2021-05-17,389.1484375,389.9632457530462,387.12552146147345,389.0267121378434,65129200
2021-05-18,385.7956237792969,389.65413734142436,385.6364005040264,389.410629478329,59810200
2021-05-19,384.7841796875,384.96212335727006,379.60515004278085,381.09426361206437,106467100
2021-05-20,388.9237365722656,390.18806285746604,385.54286343600126,385.6645888163089,78022200
2021-05-21,388.6052551269531,391.65836381551816,388.1463628077777,390.41275811955995,76578700
2021-05-24,392.5668029785156,393.64381090590996,390.6094225970298,390.8529304796665,51376700
2021-05-25,391.6958923339844,394.0091319925526,391.1152459435391,393.65324457112,57451400
2021-05-26,392.4732360839844,392.9789437702944,391.24637906225144,392.2859178870772,43088600
2021-05-27,392.67919921875,394.0184354690083,392.3982219773763,393.5033533975978,56707700
2021-05-28,393.38165283203125,394.51485069134986,393.14751938948444,394.25262237892713,58520200
2021-06-01,393.0351257324219,395.89154219615915,392.5949537330821,395.75106785184676,54216600
2021-06-02,393.6532287597656,394.49613202119497,392.67925421266847,393.690698113344,49097100
2021-06-03,392.1921691894531,393.33474133577215,389.86020964865565,391.3305742743036,58138800
2021-06-04,395.7790832519531,396.0787808468041,392.2577079642942,394.04649047134495,55938800
2021-06-07,395.3951416015625,395.94769302205015,394.45860795719597,395.7697493431614,51555000
2021-06-08,395.47943115234375,396.3504005931343,393.64383318900553,396.256741511377,47134300
2021-06-09,394.8894348144531,396.39726895606424,394.66467586891736,396.3223302537251,48436300
2021-06-10,396.72503662109375,397.6803193100831,394.79577943846573,396.1162954173843,51020100
2021-06-11,397.380615234375,397.4929947063824,395.98518915571566,397.2776102452818,45570800
2021-06-14,398.2703857421875,398.3733907447433,396.24746923944144,397.493046657972,42358500
2021-06-15,397.53985595703125,398.4576407391281,396.65951194675006,398.4201999673124,51508500
2021-06-16,395.3202209472656,397.90506306952614,393.2692384667754,397.68030413045653,80386100
2021-06-17,395.18914794921875,396.1724969552145,392.707339225867,394.9081992562891,90949700
2021-06-18,389.8578796386719,392.592083637559,389.6511670033553,391.896790534333,118676300
2021-06-21,395.43902587890625,395.62695686561256,390.8068166664467,391.6242619775581,72822000
2021-06-22,397.55316162109375,398.389417322035,394.7061817905028,395.42969035743977,57700300
2021-06-23,397.0738830566406,398.4362821372766,396.98932272812436,397.62824210418415,49445400
2021-06-24,399.42291259765625,399.84571427828763,398.9718954640753,399.22560514669493,45110300
2021-06-25,400.84173583984375,401.2927530302253,399.8457646343818,400.17462954356137,58129500
2021-06-28,401.64984130859375,401.81896201755063,400.1652895173382,401.3679734603322,53159600
2021-06-29,401.8659362792969,402.6739765145748,401.33035872377803,402.0350569786464,35970500
2021-06-30,402.2041931152344,402.8807046128434,401.3773425432404,401.40552932754713,64827900
2021-07-01,404.4310607910156,404.5908050283999,402.8995118398092,402.9652905654526,53441000
2021-07-02,407.5223388671875,407.8793906014604,404.51561458575566,405.5961749418704,57697700
2021-07-06,406.77996826171875,407.79474969280744,404.03635942053677,407.5786319294247,68710400
2021-07-07,408.21759033203125,408.4994868338858,405.4457944463871,407.4659236755757,63549500
2021-07-08,404.8913879394531,405.65245965927846,401.6967333373441,402.88063542340194,97595200
2021-07-09,409.2134704589844,409.5141485243297,404.69400902551706,406.40408326365025,76238600
2021-07-12,410.67938232421875,410.93309207464426,408.6968447852926,409.1290517324178,52889600
2021-07-13,409.2793273925781,411.3934220558517,409.0162412036738,409.8900601160083,52911300
2021-07-14,409.8900146484375,411.46856028100507,408.6403625583224,410.97995121706526,64130400
2021-07-15,408.4900817871094,409.22296681332864,406.58269968847173,408.54645535264586,55126400
2021-07-16,405.2859802246094,409.7208815498635,404.8913653341161,409.67391314478954,75874700
2021-07-19,399.3008117675781,405.3518228866035,396.4820188366375,400.4471220397971,147987000
2021-07-20,405.02294921875,406.3008168970858,399.1692457026754,399.96790941735486,99608200
2021-07-21,408.3021545410156,408.44311713039826,404.97599944679223,406.2256517266708,64724400
2021-07-22,409.1571960449219,409.40150061648984,407.4941184807939,408.4806845710952,47878500
2021-07-23,413.3665771484375,413.7048185262917,410.4068503952386,411.0927383028575,63766600
2021-07-26,414.3813171386719,414.3907222902915,412.727644885463,412.7746132950754,43719200
2021-07-27,412.4927978515625,413.366616835825,409.6551944295432,413.33843005163095,67397100
2021-07-28,412.3236083984375,413.7048180381999,410.8954303476653,413.12227210530915,52472400
2021-07-29,414.0337219238281,415.1142535469897,413.24446329453843,413.25386844732344,47435300
2021-07-30,412.0229797363281,413.4793446420124,411.32765796830415,411.4592154045569,68951200
2021-08-02,411.1585388183594,414.2967915787936,410.80148711775246,413.74243239731,58783300
2021-08-03,414.5035095214844,414.62566180738776,409.75855272178563,411.9572078453096,58053900
2021-08-04,412.4645690917969,414.47529306625523,412.22966968933605,413.2162357099742,46732200
2021-08-05,415.07659912109375,415.16115945484785,413.3101512402571,413.6296109480748,38969700
2021-08-06,415.76251220703125,416.18534257573646,415.11418760127896,415.39608407182965,46930000
2021-08-09,415.42431640625,416.0538307784521,414.6538394461939,415.7343710161899,41222600
2021-08-10,415.9410705566406,416.6551739287781,415.1894039248862,415.87529184094507,43339300
2021-08-11,416.9745788574219,417.06854434259765,415.88464231271143,417.0121707863402,44034300
2021-08-12,418.2242431640625,418.3652057330731,415.92224641818393,416.82425201895,38909400
2021-08-13,418.9854431152344,419.0042247475867,418.18677928941827,418.6753597988097,39470300
2021-08-16,419.971923828125,420.1034525763225,416.11956808546233,417.6793034807547,73740000
2021-08-17,417.2189025878906,418.08331627311867,414.2215841205355,417.40680489265077,92673900
2021-08-18,412.6524658203125,417.77328419430097,412.4081899435472,416.20414359044753,89351900
2021-08-19,413.2913818359375,414.49409427742756,409.7772960279677,409.9182299315039,92812200
2021-08-20,416.5799865722656,416.9088514737455,413.15046099796143,413.6390701113293,72008700
2021-08-23,420.244384765625,421.15579548269295,416.65511545311097,418.27122429138893,54973000
2021-08-24,420.91156005859375,421.44713760045585,420.3947928212322,420.91156005859375,38744700
2021-08-25,421.7947998046875,422.31156706123744,420.7236446811897,421.0995066942213,40529700
2021-08-26,419.3048400878906,421.74777094308087,419.21087459171173,421.5128715397554,57829600
2021-08-27,423.0538330078125,423.4296663250528,420.05651427346226,420.1128878373361,77235100
2021-08-30,424.91424560546875,425.70350417202803,423.4860388594857,423.73034341850786,48357400
2021-08-31,424.28472900390625,425.15854797049496,423.6834013951797,424.8203065670074,59300200
2021-09-01,424.51019287109375,425.7410634582663,424.2752934663014,425.22429623742056,48721400
2021-09-02,425.8162841796875,426.624324438472,424.6136002700282,425.93843646863075,42501000
2021-09-03,425.7128601074219,426.2296559823971,424.27527695301467,424.6793257059568,47170500
2021-09-07,424.1907043457031,425.45916678038213,423.51419295882374,425.36520128999075,51671500
2021-09-08,423.6739807128906,424.3880841041836,421.74778832170443,423.65519908257835,56181900
2021-09-09,421.86053466796875,425.23368656226256,421.6162301197451,423.47664366355934,57970400
2021-09-10,418.534423828125,424.21897874285884,418.41227153281125,423.7961769601356,89948200
2021-09-13,419.6055603027344,421.8042443220271,417.28475265947947,421.5411580929,83738600
2021-09-14,417.3410949707031,421.259201058738,416.44846574600996,421.05248843166396,78197100
2021-09-15,420.8269958496094,421.32498145214555,416.6551800315069,417.7638983655694,78792200
2021-09-16,420.1598815917969,421.2779763825917,417.2001261406688,420.30081550036397,77786700
2021-09-17,416.06707763671875,419.8092317575897,415.70888206973706,419.38507550677497,118425000
2021-09-20,409.1295166015625,411.50487801227933,404.2467861081484,409.9213037384681,166445500
2021-09-21,408.74298095703125,412.7773407564991,408.21512294709,411.4765375298209,92526100
2021-09-22,412.730224609375,414.7756961285755,408.85612048010717,411.0241068459511,102350100
2021-09-23,417.74493408203125,419.3568141940667,414.37041068440186,414.60606264353015,76396000
2021-09-24,418.4330139160156,419.1494050182944,415.8879614592612,416.10477159971555,62094800
2021-09-27,417.2359313964844,418.5649830834851,416.5383820618651,417.39615861384715,61371100
2021-09-28,408.827880859375,414.78516941905406,408.0926478816121,414.45525091590594,130436300
2021-09-29,409.5159912109375,411.9573420861644,408.95042074872117,410.2135118135427,82329200
2021-09-30,404.5107421875,411.7028158417851,404.1713884067889,410.9958599619211,140506000
2021-10-01,409.31805419921875,411.0053304314514,402.71039223736494,406.2451719392957,129240100
2021-10-04,404.0393981933594,409.0540495415791,401.89022491627236,408.1491541596147,128570000
2021-10-05,408.24346923828125,410.4962870615469,404.7464021380248,405.54759580480123,90682500
2021-10-06,409.9401550292969,410.14752991038995,403.00257494565346,404.6332681429632,113032200
2021-10-07,413.4843444824219,416.33100970659876,413.05075294528,413.22985073007703,72437500
2021-10-08,412.730224609375,414.64374599907245,412.0986935121197,414.25727336121037,74557400
2021-10-11,409.7421875,414.9925198577681,409.67619805003494,412.07042992014857,65233300
2021-10-12,408.7335510253906,411.07122850437753,407.94176400011384,410.66591409252834,71181200
2021-10-13,410.20404052734375,411.02410468083355,406.77296321895665,409.7610137268703,72974000
2021-10-14,417.1039733886719,417.25479409651945,413.4089379616776,413.8802418864106,70236800
2021-10-15,420.280517578125,420.6481484124566,418.602676915053,419.22480148892544,66260200
2021-10-18,421.5248107910156,421.86413581254226,417.8297753264415,418.48961233422193,62213200
2021-10-19,424.7768249511719,424.842785639923,422.5428201325496,423.15553826181207,46996800
2021-10-20,426.4451904296875,426.7468318240217,425.1255452871089,425.23865361845753,49571600
2021-10-21,427.5574951171875,427.7837117980896,425.40835035029045,425.8419419107225,41305400
2021-10-22,427.1144714355469,428.5755308868153,425.1632662499917,427.1239067193573,58845100
2021-10-25,429.4049072265625,429.7348256601838,426.4262923405436,428.20780585633406,45214500
2021-10-26,429.7914123535156,432.1762087588682,429.4143750148794,430.96026549922436,56075100
2021-10-27,427.88739013671875,430.92258842537706,427.8119654031517,430.25334493703315,72438000
2021-10-28,432.0160217285156,432.0914176968122,429.31074189544364,429.3201484126634,51437900
2021-10-29,432.8926086425781,433.18481474342184,429.41438374816806,429.7065898490118,70162400
2021-11-01,433.63726806640625,434.2593926199993,431.9028732955281,433.88232651519985,48433600
2021-11-02,435.3905334472656,435.70161012769955,433.6749803616617,433.80695926029597,48908400
2021-11-03,438.04864501953125,438.453959420675,434.38188731300227,434.82491407609774,52509800
2021-11-04,440.11297607421875,440.19780731748654,438.30315658619134,438.6519168416605,52847100
2021-11-05,441.64007568359375,443.6383998174654,440.1224907810986,442.34703160450744,66390600
2021-11-08,442.0170593261719,443.24246669971006,441.3289740571507,442.7428857270056,50405200
2021-11-09,440.5560302734375,442.6203436197412,439.1421185987696,442.38469167396323,51149100
2021-11-10,437.0118713378906,440.5560862579335,435.52256350840406,438.85937477305515,69429700
2021-11-11,437.15313720703125,438.5859192378718,437.1342954099264,438.5104945172473,34848500
2021-11-12,440.4523620605469,441.00849724307704,437.4737177867428,438.42576092547034,53466700
2021-11-15,440.6031188964844,441.9039221504196,439.47200689409635,441.74369494731434,46980500
2021-11-16,442.3470153808594,443.4875628369249,440.2638600648137,440.33925603652415,48857500
2021-11-17,441.2724304199219,442.26215710599143,440.6503058184097,442.08305932224823,47858300
2021-11-18,442.7712097167969,443.0351387724861,439.57575519666824,442.30931229475857,50625600
2021-11-19,441.9793701171875,443.9117045350223,441.61173927995986,442.65802009464244,57315600
2021-11-22,440.7351379394531,446.36250768150074,440.5277630718727,443.86460275344604,72762000
2021-11-23,441.3195495605469,442.17732611315665,437.79420558269936,440.4052188410492,73206500
2021-11-24,442.497802734375,442.6203463495124,438.49171963144255,439.31178380523045,61858800
2021-11-26,432.62872314453125,437.2757729097936,431.49758222572393,435.80530697500916,112669600
2021-11-29,437.9355773925781,439.78308057442894,435.23029768476994,437.43599642318605,86268800
2021-11-30,429.4143981933594,437.3982872450258,429.1693109652695,435.48479460121024,148559600
2021-12-01,424.64483642578125,438.00160231739363,424.4468968317913,435.14550168253277,131939200
2021-12-02,431.1488342285156,432.7230020293936,424.4657478783706,424.86165584108255,127637800
2021-12-03,427.3971862792969,433.88230294440746,423.1554517256822,432.8171804311378,137331600
2021-12-06,432.4591064453125,434.34432233227955,427.5292565450936,429.951765863713,98977500
2021-12-07,441.4043273925781,441.9698977591198,432.3270107462003,437.7564402392346,95484700
2021-12-08,442.5732421875,443.02570432644137,440.0376246848535,441.80032558687594,72238800
2021-12-09,439.5851745605469,442.67692714355326,439.387234967476,441.28185717622887,61272600
2021-12-10,443.7232360839844,443.874056800748,439.7360230553413,442.2999177081025,77159800
2021-12-13,439.7925720214844,443.55356831350923,439.50977239360935,443.2048079952957,87724700
2021-12-14,436.7667541503906,439.0101654081396,433.8352575809866,436.51226038984663,97264100
2021-12-15,443.59124755859375,443.836306031787,434.29711945911913,436.8233302887185,116899300
2021-12-16,439.6794128417969,445.7309387127813,438.1240869835833,445.4481678837098,116568600
2021-12-17,434.99993896484375,439.60656170872556,433.28782720309647,436.5890765889238,135511600
2021-12-20,430.3743896484375,430.771659603725,426.742062864258,429.90142998069797,107134800
2021-12-21,438.01751708984375,438.15939925298267,431.6325599440209,433.8081634246166,69806300
2021-12-22,442.3970642089844,442.5105699227821,437.5634008705162,437.7620647368325,58890200
2021-12-23,445.1496887207031,446.65369714760357,443.29569472408735,443.3997320049562,56439700
2021-12-27,451.44952392578125,451.49680835120154,446.4834468354877,446.530731260908,56808600
2021-12-28,451.08050537109375,452.9155910142482,450.314313092651,451.88454250211123,47274600
2021-12-29,451.65765380859375,452.6792341682965,450.18202169614966,451.1846940580111,54503000
2021-12-30,450.40899658203125,453.095404283241,449.9455053015741,452.083263571022,55329000
2021-12-31,449.2738952636719,451.07113645073605,448.9995994066956,449.9171424306895,65237400
2022-01-03,451.8751525878906,452.0075951613326,448.22391752702976,450.5414027577386,72668200
2022-01-04,451.7238464355469,454.0224527634519,449.8603838627355,453.30354470475135,71178700
2022-01-05,443.0496826171875,452.130513594056,442.9550849145519,451.3548528464761,104538900
2022-01-06,442.6335144042969,445.35776682155085,440.25924753685416,442.58622998244016,86858900
2022-01-07,440.8835754394531,443.8253998227985,439.5214491762915,442.6430005573575,85111600
2022-01-10,440.3349609375,440.55250393034436,431.9068153934691,437.6769296616079,119362000
2022-01-11,444.3456115722656,444.44020928004124,437.0620210810528,440.0700665321806,74303100
2022-01-12,445.5469665527344,447.6090928817036,443.5794668088616,446.08614756445814,67605400
2022-01-13,439.4079895019531,447.306423196045,438.3769406985268,446.65373642376653,91173100
2022-01-14,439.5877380371094,439.93772365473285,435.0283988405824,436.24864315290205,95890900
2022-01-18,431.8027648925781,435.08510657220825,430.6865868583265,434.8770031364011,109709100
2022-01-19,427.3190612792969,434.7539734256139,427.04473658825316,433.3540312792543,109357600
2022-01-20,422.5895080566406,433.93107285742065,420.46118932552156,429.21094410901105,122379700
2022-01-21,414.2937927246094,423.8286476560766,414.265416297055,421.46384913598195,202271200
2022-01-24,416.0531311035156,416.5639355956219,398.0050040098035,408.6655038635692,251783900
2022-01-25,410.9736633300781,415.93974091062637,404.0495253753635,409.6399133158129,167997300
2022-01-26,409.94256591796875,420.02607047448777,405.6669916326692,416.88561104852806,186391100
2022-01-27,407.918212890625,417.70848301575546,406.2250381977337,414.55858457806625,149878300
2022-01-28,418.049072265625,418.0963566867088,404.6832271039297,409.2803813325248,164457400
2022-01-31,425.5785827636719,425.9285683081596,416.02479145329517,417.3774492101084,152251400
2022-02-01,428.4542236328125,429.0974419265007,422.7692385378579,426.3069680203135,123155400
2022-02-02,432.61627197265625,433.3446195666415,428.54880096336996,430.8663151934965,117361000
2022-02-03,422.4476318359375,428.4731341093042,421.60574966980835,426.5623872138765,118024400
2022-02-04,424.4341125488281,428.29345160142367,419.8274601036571,422.21119583856563,118454400
2022-02-07,423.0718994140625,426.60016012871563,421.738149661157,425.2002179600923,84472900
2022-02-08,426.55291748046875,427.4799289301471,421.1422570922283,422.5706046938253,81012000
2022-02-09,432.7960205078125,433.11762967701776,430.4028453031969,430.6014803174058,92589900
2022-02-10,425.0205383300781,432.95678758172915,423.0151936953488,426.93128524545455,140103700
2022-02-11,416.6396789550781,427.1866752033313,415.20189176224045,425.10566970321133,153214600
2022-02-14,415.27752685546875,417.7180150863629,411.7965503726483,416.1288774138365,123006300
2022-02-15,421.974609375,422.14486792244224,419.212512292105,419.7327852321781,88482700
2022-02-16,422.4476318359375,423.82866614912444,418.03964373808554,419.92201420472077,84863600
2022-02-17,413.4234619140625,422.41916314982734,412.81808860964685,419.2503279132807,102259100
2022-02-18,410.74664306640625,414.937059606831,408.4669735618949,413.6789704811315,132642900
2022-02-22,406.33856201171875,411.94785655168494,402.8291806124182,408.5331017233057,124391800
2022-02-23,399.1306457519531,409.82899033879875,398.563088419039,409.2614330058846,132578000
2022-02-24,405.1372985839844,405.57244232576124,388.43238610030824,388.7918112514867,213942900
2022-02-25,414.0762023925781,414.1613316714428,404.72104600826754,406.376404898472,121804500
2022-02-28,413.0167541503906,414.5018543995483,407.40745955382687,408.6655195382482,145615000
2022-03-01,406.7264099121094,413.5275723046222,404.01159714649674,411.51275948322075,137785900
2022-03-02,414.2086486816406,415.9396684351106,408.2304313077541,408.9871552603508,117726500
2022-03-03,412.14654541015625,417.254504541962,410.33983584072405,416.6491311196768,105501700
2022-03-04,408.79803466796875,409.93312072448435,404.7400320130342,408.4007357845267,113978200
2022-03-07,396.7469177246094,408.92089427144623,396.6806964467157,408.2114548095824,137896600
2022-03-08,393.739013671875,404.1062838829853,392.6701199589549,396.9267579445968,164772700
2022-03-09,404.2953186035156,406.2817546471637,399.95355304838955,402.1480924655086,116990800
2022-03-10,402.4697570800781,403.3683631013067,397.7023156906367,399.6698151473772,93972700
2022-03-11,397.3523254394531,405.5818059910525,396.8415209370115,404.9669642223323,95636300
2022-03-14,394.4483947753906,401.5900747886048,393.30384036976113,398.12803514404516,95729200
2022-03-15,403.1224670410156,403.7562168476836,395.7915919884994,397.0685600329453,106219100
2022-03-16,412.0614013671875,412.118154221395,401.82654660662627,406.64130172019,144954800
2022-03-17,417.2166748046875,417.2166748046875,409.7628253475534,410.1411873324134,102676900
2022-03-18,421.78631591796875,422.10892413881095,414.8596646232218,415.59977264911765,106345500
2022-03-21,421.6630554199219,423.6271696352851,418.14277109962075,421.61559514188474,88349800
2022-03-22,426.5971374511719,427.5364977650779,423.05788608350326,423.05788608350326,74650400
2022-03-23,421.1031799316406,425.55332638564335,421.0177861842086,424.0541434470879,79426100
2022-03-24,427.4510192871094,427.4605171330371,422.01408163043,423.1337270897033,64736900
2022-03-25,429.53851318359375,429.8136901005225,425.4963689988191,428.08676165984116,77101300
2022-03-28,432.5938720703125,432.5938720703125,427.04304675034354,428.94076282849704,68529800
2022-03-29,437.9454040527344,438.43882875157925,433.7988991715261,436.49365245199573,86581500
2022-03-30,435.2412109375,437.6133561269199,433.1252470040713,436.79732312419725,79666900
2022-03-31,428.5422668457031,435.29813157975457,428.086804553789,434.47262970310084,121699900
2022-04-01,429.75677490234375,430.2691373695996,426.1700928473133,430.1268144620285,89048800
2022-04-04,433.4383544921875,433.5427439373771,429.13055970631194,429.9560615935425,59601000
2022-04-05,427.9634094238281,434.4156320427128,426.81529938704466,431.93912663814103,74214500
2022-04-06,423.6840515136719,425.97080270252854,420.7900462798935,424.0351532872962,106898000
2022-04-07,425.8189697265625,427.6407897227167,420.846963358929,422.8016084098771,78097200
2022-04-08,424.6803894042969,427.58389261830564,423.13374620427055,425.05992681953586,79272700
2022-04-11,417.4216003417969,422.2417859664236,416.91870678869503,421.39728849520446,89770500
2022-04-12,415.8749084472656,422.9533797856786,414.3187676991901,420.4199166262094,84363600
2022-04-13,420.6382141113281,421.39728888608715,415.4479599836638,415.6282453101172,74070400
2022-04-14,415.40057373046875,421.9856509126384,415.2961842874288,420.865976406667,97869500
2022-04-18,415.5713195800781,417.26028558117775,413.33199974941584,414.4706408777996,66002500
2022-04-19,422.2796936035156,423.0008058582532,415.2960849695427,415.46687242801926,77821000
2022-04-20,421.96661376953125,424.6803625829539,420.79953701530115,424.0636107025364,65224400
2022-04-21,415.6567687988281,426.9956344536789,414.74587314865204,425.6008119158231,85417300
2022-04-22,404.25152587890625,415.67575691703195,403.68220520944317,414.5656091205884,132471800
2022-04-25,406.5950927734375,406.7658802394009,397.41962448292884,402.00262418418777,119647700
2022-04-26,394.8197937011719,404.25144391924186,394.79132912131234,404.05216290337904,103996300
2022-04-27,395.92999267578125,401.2910638857322,393.78559314865083,395.9015280922262,122030000
2022-04-28,405.930908203125,407.66733442866166,396.243076858,400.69322286061686,105449100
2022-04-29,390.9295349121094,404.09019204899124,390.17992890957805,401.9267967519265,145491100
2022-05-02,393.2826843261719,394.64904219767647,384.3064665675945,390.9959330128461,158312500
2022-05-03,395.08551025390625,397.50508664209,392.21994047752736,393.78557938889816,100028200
2022-05-04,407.11700439453125,407.68632497643506,392.5520285453258,395.7496753190645,144247900
2022-05-05,392.6469421386719,403.26466589369136,388.5004371483432,402.83766819412307,172929100
2022-05-06,390.30322265625,393.58626302991394,384.98014349725037,390.075506016204,151770800
2022-05-09,377.8068542480469,385.62543597067287,376.22224843041454,384.38243413729964,155586100
2022-05-10,378.6797180175781,385.3122258608909,374.6281049717166,383.80354518634044,132497200
2022-05-11,372.66400146484375,383.3766170241636,371.91439549274446,377.7119332720128,142361000
2022-05-12,372.2749328613281,375.5579733330181,365.4526417334001,369.4568235292296,125090800
2022-05-13,381.1752624511719,382.5605871160499,375.3777246252647,376.42147428654954,104174400
2022-05-16,379.628662109375,383.3102364454551,377.26601453009664,379.5243016098687,78622400
2022-05-17,387.43780517578125,387.67501973680334,381.9913391640526,385.73934081094365,83029700
2022-05-18,371.8194580078125,383.1488241139043,370.57645642450234,382.86417831499597,117674500
2022-05-19,369.5423278808594,373.98300652142757,367.3125051902594,368.74529042148964,98510700
2022-05-20,369.7034912109375,376.7250335567143,361.07837677134614,373.1383520179056,131432200
2022-05-23,376.6207275390625,377.38930019728645,370.415188153358,372.7398728634355,76414900
2022-05-24,373.7456970214844,374.9412384284281,367.1700889774752,372.4836996470706,91448800
2022-05-25,377.04766845703125,379.0213091538963,371.84794556823357,372.2464496803005,91472900
2022-05-26,384.5816955566406,386.2232305852887,378.07254252836816,378.2812924802376,82168300
2022-05-27,394.02276611328125,394.1366244354948,386.84940224535666,387.0486543092304,84768700
2022-05-31,391.8119812011719,395.1614492463279,389.0602984118207,392.4002686094712,95937000
2022-06-01,388.6427917480469,394.95269241980327,386.118825687974,393.9374362442217,86585800
2022-06-02,396.04388427734375,396.0913155981684,386.2231974480646,388.4814842908441,79609600
2022-06-03,389.5441589355469,392.86516182904495,388.5668363851628,391.30902085966204,71874300
2022-06-06,390.73028564453125,395.3037596856171,389.5536819082535,393.56736210124245,57508900
2022-06-07,394.47821044921875,394.9336727076749,386.7639903779014,387.22895048242367,59272400
2022-06-08,390.1893615722656,394.55411386892246,389.3923243809042,392.7607584707246,64350000
2022-06-09,380.9095458984375,390.68277140939495,380.9095458984375,388.40551807213615,86289800
2022-06-10,369.86480712890625,375.53898793791575,369.81737581545275,374.6850215978316,132893900
2022-06-13,355.8217468261719,362.28346743198733,354.2086766578207,360.42371387649325,170004900
2022-06-14,354.7495422363281,358.6114013157457,351.6372890983715,357.5771495518812,104011800
2022-06-15,359.8069152832031,364.26652989061614,353.08898535903893,358.0609913233088,125666800
2022-06-16,347.89874267578125,351.9693511680537,345.4601709271187,351.5613492213625,134473300
2022-06-17,348.64874267578125,352.0031690489885,345.13235902285084,348.3152310787503,111113900
2022-06-21,357.4255065917969,358.81681534819097,354.3188581815829,354.3951110098947,76811900
2022-06-22,356.77752685546875,360.9038171947583,352.7655576024374,353.18486094043567,90059400
2022-06-23,360.27484130859375,361.00860756659887,355.3480709955404,358.9216589541497,79292100
2022-06-24,371.7294006347656,371.738939509623,363.42915449401596,363.4577420366525,98050300
2022-06-27,370.3094482421875,372.9491278864309,369.2135538308483,372.65371362985945,66009600
2022-06-28,362.7430114746094,374.6645107225344,362.62866130813416,371.87235419067196,86548900
2022-06-29,362.4476013183594,364.286801041329,360.6179404700163,363.29574686594935,65676000
2022-06-30,359.5029602050781,362.75254644984545,355.0335903944629,358.5404645110338,112508300
2022-07-01,363.3052062988281,363.74358732379653,356.21520605993095,358.8453758820179,74839700
2022-07-05,363.99139404296875,364.0104717926043,355.3576072193394,358.19742913117045,81438000
2022-07-06,365.220703125,367.717445353006,361.7424165306726,364.1343183853388,70426200
2022-07-07,370.6906433105469,371.49112350460933,365.2397294426553,367.0027052771426,64525900
2022-07-08,370.3857727050781,372.2630989693945,367.5173631175756,369.0516097738158,72397800
2022-07-11,366.1545715332031,368.6703621550962,365.45890265708556,367.69835676876295,58366900
2022-07-12,362.9145202636719,367.9937962223962,361.16108326606883,365.6018653816874,62219200
2022-07-13,361.00860595703125,363.9532680138976,357.0347924506578,357.4540957624864,84224600
2022-07-14,360.13189697265625,361.2182525694564,353.585088606192,356.0341654064419,89704800
2022-07-15,367.01226806640625,367.1266182327333,362.6381997127906,364.5536231626373,79060400
2022-07-18,363.98193359375,370.78603137283375,362.752610934955,370.1094400535637,63203600
2022-07-19,373.8163146972656,374.3880945343519,367.25999702205866,367.91751039048773,78506000
2022-07-20,376.1987609863281,377.61868645262103,372.63471171351443,374.00697188868077,71843800
2022-07-21,380.0296936035156,380.0773298161558,373.20651865026207,375.61749846498117,64903900
2022-07-22,376.5036926269531,381.354239171884,374.273777240293,380.15353339871814,72197300
2022-07-25,376.96112060546875,377.8187758914489,374.71212748110185,377.1326458462782,53631500
2022-07-26,372.5013122558594,375.52216914554964,371.6055305018474,375.31251747797376,52946400
2022-07-27,382.17376708984375,383.9272039462675,375.51257991177977,375.80799416530095,82342100
2022-07-28,386.9671630859375,387.6628029165216,379.41973266149375,382.98381076172706,73966600
2022-07-29,392.6086730957031,393.5997563368219,387.6342373050366,388.40613000686983,87003700
2022-08-01,391.446044921875,393.9618647731453,389.18754201289954,389.90225959583773,69997500
2022-08-02,388.86358642578125,393.5711957915866,387.6819291877356,389.8737184031951,63435400
2022-08-03,394.9530029296875,396.1251213163918,390.7123330479774,390.99820848816455,67820600
2022-08-04,394.6861267089844,395.562830670343,393.0375009919587,394.87670061792033,45656600
2022-08-05,394.0190734863281,394.66707717050787,390.3311350966772,390.388310181638,56814900
2022-08-08,393.5616149902344,397.973809576496,392.45618162514177,395.7153066396332,53886100
2022-08-09,391.9987487792969,393.33288235794674,390.9219030430517,392.82781646453174,44931800
2022-08-10,400.2323303222656,400.3752971125264,397.11617195301557,399.07926069918796,68665700
2022-08-11,400.2323303222656,404.95901714510643,399.4890251570347,403.0912008165285,59489700
2022-08-12,407.0079040527344,407.11271535401335,401.2234486012956,402.17640551592064,61694500
2022-08-15,408.6850280761719,409.2091717509519,404.73026328105976,404.78743836093645,54048300
2022-08-16,409.4855041503906,411.42000508115757,406.79815928639016,407.6081782948637,59289000
2022-08-17,406.5789794921875,409.29491196538714,404.5682547687509,405.87380082435567,63563400
2022-08-18,407.76068115234375,408.4467820994696,405.483100541327,406.7791077729189,49023200
2022-08-19,402.28118896484375,405.25440946456814,401.4044559314192,404.98758272951426,68016900
2022-08-22,393.9047546386719,397.6022321971417,392.9994339182443,397.4306778466823,77695600
2022-08-23,392.9517822265625,395.8773668795127,392.39905094051335,393.4758968870475,49105200
2022-08-24,394.2096252441406,395.58185618674804,392.03688505227575,392.7229859826137,49177800
2022-08-25,399.77490234375,399.8225385492928,394.609863874263,395.70575833914074,50942300
2022-08-26,386.24298095703125,400.20379452606346,386.1858058663081,399.66063116419394,103087000
2022-08-29,383.6889953613281,386.74797850113623,382.32627413715045,383.2792309230537,65370800
2022-08-30,379.4769592285156,385.08988933213567,377.3709326212233,384.851650106996,85652400
2022-08-31,376.5894470214844,382.3643626848254,376.456048197128,381.115991650528,76029700
2022-09-01,377.7711486816406,378.11419917142905,371.69127962474215,374.40721232996884,78740100
2022-09-02,373.7878112792969,382.669376712605,371.96766008061695,381.44959302387997,99632100
2022-09-06,372.37738037109375,375.5793010181184,370.1474651172163,374.6358831635364,76637400
2022-09-07,379.067138671875,379.8390313205994,371.84373923012936,372.0629006724015,70964200
2022-09-08,381.54486083984375,382.00226150651457,375.57934176857907,376.7896155569929,80821700
2022-09-09,387.4722595214844,388.3394537414485,383.5270042184785,383.79383097216476,76706900
2022-09-12,391.63665771484375,392.360914189905,389.2447268378426,389.5496799938614,69256300
2022-09-13,374.6073303222656,384.1368984857324,373.48284825864073,382.92662471653426,122947100
2022-09-14,376.0367736816406,377.561510437167,372.72047341951594,375.912884639726,85023700
2022-09-15,371.76751708984375,377.3327815354644,370.4905584164042,374.473911020677,87633800
2022-09-16,368.9313659667969,369.59160962495736,365.63014767599446,367.57262481623485,103084800
2022-09-19,371.7923583984375,371.7923583984375,365.69709245580265,365.7736585180336,73278500
2022-09-20,367.524658203125,369.4671055842786,364.75931560104334,368.4528244414925,77274900
2022-09-21,361.11370849609375,372.51959913129366,361.1041304377305,369.457598997585,106746600
2022-09-22,358.08038330078125,361.98440540246816,357.3340248459854,360.3385855788934,89472600
2022-09-23,352.0807800292969,354.63560985532166,347.621756602572,354.5973268298111,122346900
2022-09-26,348.5978088378906,354.24334411898207,347.37301464402196,350.6072445688274,92581200
2022-09-27,347.7079772949219,354.4252048467339,345.3062204374486,352.1478459589722,108294100
2022-09-28,354.5495910644531,356.2432430846765,346.96160717757476,348.6648372571205,110802200
2022-09-29,347.14337158203125,351.27703369645445,344.18664256070633,350.9899839667711,112952300
2022-09-30,341.7753601074219,350.12885893091953,341.64141328029035,346.19610182658244,153711200
2022-10-03,350.7986755371094,352.6550087363578,343.7178316932625,345.5071768736486,89756500
2022-10-04,361.6686706542969,361.6973756271638,350.7603429439157,356.3388901479635,103602800
2022-10-05,360.8266296386719,363.0944101650707,354.9514544776004,357.2862230097623,88065700
2022-10-06,357.10443115234375,362.3863509600016,356.6068393173464,359.4200436718051,82333500
2022-10-07,347.14337158203125,357.19052094050096,345.3731537119263,353.0568296246811,107789500
2022-10-10,344.4928283691406,348.50212184161734,342.24420395687974,348.2629039933855,76042800
2022-10-11,342.3111572265625,347.37301498969447,340.3687094983833,342.78959291529037,92482800
2022-10-12,341.18206787109375,344.3014780144964,340.93327195985853,342.7226460270839,76991800
2022-10-13,350.1862487792969,351.65983900154305,333.09650934849225,334.1490737929538,147254500
2022-10-14,342.20587158203125,354.2911602043447,341.5647549925979,352.6548893333673,123737000
2022-10-17,350.9996032714844,352.1095776923561,341.8710411766843,348.31079674902963,93168200
2022-10-18,355.1236572265625,359.2573483322076,351.6693365808902,358.95114250184974,97162900
2022-10-19,352.6071472167969,355.8126725772297,349.7843646155051,353.07600490663964,79746900
2022-10-20,349.6503601074219,356.59725538531217,348.88484551402854,352.1573583478187,88283100
2022-10-21,358.14739990234375,358.6353844531529,347.8610324838875,349.3728764279388,131038400
2022-10-24,362.52978515625,363.66846421497297,357.01819772588607,359.678327682634,85436900
2022-10-25,368.3189697265625,368.63472445502714,362.33852319095206,362.4533430922119,78846300
2022-10-26,365.5439758300781,370.8641781012246,364.9028883902584,365.16123313746095,104087300
2022-10-27,363.59197998046875,368.39546356431134,362.9699902522956,366.5487088981551,81971800
2022-10-28,372.2420654296875,372.7205010833071,363.30489092424085,363.4866988087279,100302000
2022-10-31,369.55328369140625,371.6488343281588,368.6442734105965,369.7733746190449,96631300
2022-11-01,367.9361267089844,373.5529855393359,366.7591937470325,373.31376772412375,85407600
2022-11-02,358.70233154296875,371.86888968118615,358.59708971899,367.3428780208254,126990400
2022-11-03,355.00885009765625,358.0612720504973,352.8845945254816,355.4490027437404,87100100
2022-11-04,360.11859130859375,362.5298969522744,354.0424515033242,360.74055193717084,103505200
2022-11-07,363.56329345703125,364.15654904195054,359.3339090978177,361.4198817033071,68286900
2022-11-08,365.5248107910156,368.51024436399695,361.42940308424005,364.6731813774781,84641100
2022-11-09,357.99432373046875,364.7020020044285,357.4967318827505,363.5441665136991,78495500
2022-11-10,377.6676025390625,378.00251339358414,369.00792742280294,371.31396196649206,141455800
2022-11-11,381.3228454589844,382.1266139613815,376.6341520595696,378.52876801611916,93839900
2022-11-14,378.0790100097656,382.9207767926326,377.8015091368323,379.55260009193285,71903500
2022-11-15,381.3036804199219,384.9589362297327,377.4761947639268,383.8489618853264,93194500
2022-11-16,378.39483642578125,380.6243341136588,377.7632977481859,379.6674626387689,68508500
2022-11-17,377.2369689941406,377.9163687088292,373.3138196401911,373.6199962931831,74496300
2022-11-18,378.9497375488281,380.6529672847848,376.08870172305114,380.5859792858429,92922500
2022-11-21,377.5718688964844,378.74883118944996,375.7251141679959,377.6197299856339,51243200
2022-11-22,382.6529235839844,382.8156045946471,378.1077837621158,379.52396415596064,60429000
2022-11-23,385.064208984375,385.5521935507362,382.0883236888626,382.3179634847973,68261600
2022-11-25,384.9780578613281,385.53305962661244,384.2221504796513,384.49962216089574,30545400
2022-11-28,378.83489990234375,383.523563184722,378.06938538189047,381.87774346748876,67881600
2022-11-29,378.1842956542969,380.16499726824185,376.3375116508364,378.9689080128027,52310000
2022-11-30,390.09735107421875,390.09735107421875,376.5097938188314,378.43308560274,144566700
2022-12-01,389.810302734375,392.3173013046343,387.29372610500184,391.14033888821655,76398200
2022-12-02,389.36053466796875,390.2695449532932,384.7962687221607,384.90151055673,85342700
2022-12-05,382.3562316894531,387.46592136062503,380.99749068100294,386.52820609599246,77289800
2022-12-06,376.8446960449219,382.73902808369684,374.7491742915764,382.19363351300757,77972200
2022-12-07,376.20355224609375,378.576603761954,375.0648729769194,375.9930393761272,65927900
2022-12-08,379.1507263183594,380.2224176484129,376.3088170014075,378.09819110581316,60737900
2022-12-09,376.31842041015625,380.47123919455976,376.194022443574,377.9068305961282,81447700
2022-12-12,381.7438659667969,381.7438659667969,376.442790105869,377.112582581271,75405800
2022-12-13,384.6335754394531,392.7861087804528,381.8586543812398,392.5277640299923,123782500
2022-12-14,382.1744384765625,388.01135996614795,379.21770929936065,384.289116133772,108111300
2022-12-15,372.8258056640625,378.2034182224786,371.16085878407677,377.29437871823495,117705900
2022-12-16,368.4241027832031,371.6058882495731,366.28050016109967,370.260122836159,119858000
2022-12-19,365.3000793457031,368.95290559297706,363.62748687937614,368.6164568242752,79878100
2022-12-20,365.7999267578125,367.4244675561658,363.2141206035338,364.5406714883894,74427200
2022-12-21,371.2695617675781,372.403847947224,367.8666738931474,368.4049801931655,78167400
2022-12-22,365.972900390625,371.2502371282494,360.25336052462114,368.21263547412264,100120900
2022-12-23,368.078125,368.2223089378742,363.3871453178878,364.94439051791056,59857300
2022-12-27,366.6265869140625,368.30880122283816,364.94437260528684,367.9627597889249,51638200
2022-12-28,362.0702209472656,368.53954750465414,361.8395266438076,366.5593138365044,70911500
2022-12-29,368.58758544921875,369.46234043156596,364.3964532994833,364.92516683940227,66970900
2022-12-30,367.61669921875,367.7608831535474,363.77163783487043,365.89605537101687,84022200
2023-01-03,366.06903076171875,371.4617146037878,363.19482778505363,369.48151058314164,74850700
2023-01-04,368.89520263671875,370.93308049903527,365.2808355085404,368.33765230201516,85934100
2023-01-05,364.6849060058594,367.04961089547925,364.0889260962027,366.9342637304482,76970500
2023-01-06,373.04791259765625,374.1726061712226,364.71375691119994,367.78978899454705,104189600
2023-01-09,372.83636474609375,378.4501802079773,372.6537513181587,375.2491501630905,73978100
2023-01-10,375.45098876953125,375.51828438119253,371.3079376645078,372.24998822129896,65358100
2023-01-11,380.19970703125,380.2766246965037,376.22008325144566,377.0371647656754,68881100
2023-01-12,381.5838928222656,383.05462766402485,377.21976916675254,381.3051469866937,90157700
2023-01-13,383.064208984375,383.6409740118004,378.10407668529746,378.37322978669755,63903900
2023-01-17,382.362548828125,384.72728296498246,381.6800585701671,383.0450684215765,62677300
2023-01-18,376.3258361816406,384.6215624704066,376.1239786325473,383.55457180398867,99632300
2023-01-19,373.5862121582031,375.9316728273004,372.2596611662881,374.2782951082531,86958900
2023-01-20,380.5456848144531,380.6994907718625,373.33619557300165,374.98957294579395,91806400
2023-01-23,385.1117858886719,387.0535315568682,380.3919689603618,381.3532344202499,84178800
2023-01-24,384.6984558105469,385.61164041282984,382.23761853510894,383.4295783397914,59524900
2023-01-25,384.8426513671875,385.17910016153775,378.31565036457494,380.61308900598533,84800300
2023-01-26,389.0721435546875,389.2355715689227,384.53497000924045,387.5148984088141,72287400
2023-01-27,389.9660949707031,392.3500434455685,387.8128701130754,388.02434964984155,68346200
2023-01-30,385.0732727050781,389.43742549092923,384.7752828014121,387.1976608576454,74202000
2023-01-31,390.7351379394531,390.78318947127025,385.2462918392246,385.5923626089722,86811800
2023-02-01,394.8877868652344,397.64664301137975,386.7651124067299,389.51431717670346,101459200
2023-02-02,400.6361999511719,402.1069348680651,396.8872706861001,398.79055744002517,101654500
2023-02-03,396.3777770996094,400.81881836953994,395.16657335854075,395.647206038585,94736800
2023-02-06,393.95538330078125,395.35885189681073,392.292412944782,393.91695380659627,60295300
2023-02-07,399.1077880859375,400.3574213852453,391.78295035245776,393.0325836517656,90990700
2023-02-08,394.74365234375,398.47336699446805,394.05154004428175,397.12760122758357,76227500
2023-02-09,391.32147216796875,398.5117468918236,390.09105380546026,398.35794092957406,78694900
2023-02-10,392.2347106933594,392.61921095554237,389.32207793747637,390.13912999380653,70769700
2023-02-13,396.8391418457031,396.97373306906144,392.4269376283513,392.88835553423695,64913500
2023-02-14,396.6566162109375,398.97324028697005,392.68658494010504,395.3108210214723,88389300
2023-02-15,397.94464111328125,398.02152943385084,393.6093249869712,394.4552431906893,61555700
2023-02-16,392.4654235839844,396.9160869350225,392.33086168681325,392.95567830940917,76431500
2023-02-17,391.4849548339844,391.72527118315116,388.399271789129,390.3314246237872,89257800
2023-02-21,383.63134765625,388.50496954671286,383.3718165977976,387.4475718975758,82655900
2023-02-22,383.1026916503906,385.59236532715204,381.6415495785843,384.04471289617135,83742300
2023-02-23,385.140625,386.620982031087,380.9014407760876,386.0057580520141,96242400
2023-02-24,381.0263366699219,381.86263277047993,378.39247918807456,380.1035302143566,108194400
2023-02-27,382.3240966796875,385.74619914411034,381.38204603041686,384.3811893735747,80444700
2023-02-28,380.9110412597656,383.81405224104327,380.8052868100692,381.8434698821235,96438600
2023-03-01,379.4498291015625,381.3243080421548,378.1425224642881,380.09388971599026,99706800
2023-03-02,382.40093994140625,383.2468580842527,377.13319562899125,377.4696443451899,85127800
2023-03-03,388.5338439941406,388.7837823723887,383.5737112700418,384.22736466723944,90120000
2023-03-06,388.8030090332031,391.6675904235153,388.3608351727829,389.3605300454294,72795900
2023-03-07,382.8431396484375,388.9952613450141,382.22794508007405,388.75494500797566,108310600
2023-03-08,383.46795654296875,384.2273349889294,381.2281920235724,382.95848712046245,74746600
2023-03-09,376.39300537109375,385.9287692148654,375.40290337271455,384.25614779204574,111945300
2023-03-10,370.9618835449219,377.93105674639065,369.4334752872032,375.84509820468116,189253000
2023-03-13,370.4331970214844,375.2683898395796,365.9056454879313,367.0207168016272,157790000
2023-03-14,376.5565185546875,378.2098962725371,372.057774034171,375.3741515115561,149752400
2023-03-15,374.20135498046875,374.4032124796235,368.8471002165206,370.94268086644354,172996900
2023-03-16,380.7667236328125,381.11279434048936,371.32712217591876,371.8365915308585,143254200
2023-03-17,376.31463623046875,380.56999909987053,374.925128785462,379.43138394137793,140553400
2023-03-20,379.9331359863281,380.3480800216105,376.39184439630725,377.09622742972954,93055800
2023-03-21,384.9217834472656,385.40425039458904,381.7085370875222,383.3103308863294,91524200
2023-03-22,378.3602600097656,388.376279731483,378.3216838515816,384.7481478831017,111746600
2023-03-23,379.38311767578125,385.28850910550153,376.6619967001418,381.23577448444496,119351300
2023-03-24,381.87261962890625,381.95946015274023,375.7452830138486,378.0997242626186,107682400
2023-03-27,382.58673095703125,384.931543316979,381.6893492666869,384.15957833002693,74010400
2023-03-28,381.7278747558594,382.5866506547417,379.88484738613244,381.89189703603546,62871700
2023-03-29,387.2762451171875,387.5174786036879,384.6998585244868,385.9060259569887,77497900
2023-03-30,389.5439147949219,390.1711160814541,387.67194025222716,389.92022378786027,69840000
2023-03-31,395.0343322753906,395.3334594504177,390.36402594491756,390.47018399433404,112062600
2023-04-03,396.5396423339844,396.94489812673964,394.1176485509198,394.51327502786114,67391100
2023-04-04,394.3395690917969,397.47560441966164,392.9596911674766,397.1861065670828,66601500
2023-04-05,393.3070983886719,394.3685316622369,391.64741075567434,393.60622556838814,65200200
2023-04-06,394.8414001464844,395.12123929027626,391.45447191725503,392.5062465882868,63743300
2023-04-10,395.24664306640625,395.323854285077,391.73429825063636,392.35184076274294,63681000
2023-04-11,395.3527526855469,396.76154805541603,394.58081727814005,395.873825281643,59297900
2023-04-12,393.7413024902344,397.7168552613543,393.1527068916333,397.4273573961428,86420400
2023-04-13,398.9713134765625,399.32833439089336,393.6834638753183,394.83173783881375,85814800
2023-04-14,397.9967346191406,400.53451616662863,395.6808985291069,398.3344674639786,78161500
2023-04-17,399.4247741699219,399.444062248447,396.67470643651706,397.90982075343015,66436400
2023-04-18,399.6853332519531,401.14239312215904,398.30548459798973,401.0072882174601,63560000
2023-04-19,399.6178283691406,400.5248393452402,397.70724822108326,397.7651419121651,55227300
2023-04-20,397.4370422363281,399.19322927918245,395.8834830992031,396.79052346430586,75840400
2023-04-21,397.74578857421875,398.2089380268862,395.7869738207864,397.7361298114724,73457400
2023-04-24,398.1607360839844,398.58530941572457,396.2019211683217,397.54316416601694,64332100
2023-04-25,391.8403625488281,396.7422434689911,391.7824688680539,396.18256529157753,97766700
2023-04-26,390.1806945800781,393.5386754708215,389.6210458220118,392.4579541121772,80447000
2023-04-27,397.9484558105469,398.2186361671352,392.47726678031995,392.7281590569557,92968400
2023-04-28,401.3450012207031,401.3546599841194,397.00279811610284,397.0606918017015,89433100
2023-05-01,400.9397888183594,402.97578569300146,400.70818460344674,400.9011832079652,62122300
2023-05-02,396.4335021972656,400.2739503234408,393.5194119627244,400.22568595239403,103998500
2023-05-03,393.71234130859375,399.35721082896305,393.47110782009463,396.93521718124856,91531800
2023-05-04,390.9237365722656,392.98868012756435,389.5824641073576,392.6606060841038,94901900
2023-05-05,398.1607360839844,399.21251064978856,394.3106587025835,394.5711802912855,87891800
2023-05-08,398.266845703125,398.74931269823855,396.8580503226791,398.4887911219587,50046800
2023-05-09,396.5203552246094,397.63968229335507,396.2887804681279,396.71335381997807,49220100
2023-05-10,398.373046875,400.00378785079255,394.5325985771212,399.36692781461454,96142900
2023-05-11,397.6782531738281,397.9677215941515,395.593992205154,397.5045721216341,70157100
2023-05-12,397.1571960449219,399.1353284857044,394.72557287711214,398.923041820046,70481500
2023-05-15,398.5273742675781,398.93263003006393,395.84485910381983,397.76506821297346,54289400
2023-05-16,395.8641662597656,398.3440536617969,395.8545074967587,397.4176958365766,57705500
2023-05-17,400.6695861816406,401.2774699124527,396.240542315304,397.89057133669587,87287000
2023-05-18,404.52935791015625,404.9539312957357,400.1292605027453,400.3511765128526,97177200
2023-05-19,403.9406433105469,405.96701048436694,402.7151878015802,405.4363085936401,103793300
2023-05-22,404.104736328125,405.6486366872359,402.7152289496702,403.96000211108804,60745400
2023-05-23,399.56951904296875,404.0371682026997,399.1738925667831,402.45466229795704,86383500
2023-05-24,396.6747131347656,398.3440595499911,395.50715124414705,397.9580918408348,89213700
2023-05-25,400.1098327636719,401.5668923649957,397.94839026696275,400.1966732803312,90961600
2023-05-26,405.2915954589844,406.015296007875,400.6888705691221,400.7660523374588,93830000
2023-05-30,405.4459533691406,407.76178903576425,404.0564460796768,407.23108712480087,72216000
2023-05-31,403.1976623535156,404.5196171713142,401.6248152821385,403.61257689024336,110811800
2023-06-01,407.0284729003906,408.0899062054044,402.17485598730195,403.4292584266687,88865000
2023-06-02,412.9145812988281,413.70580481996393,409.0837920383036,409.6144939735416,91426200
2023-06-05,412.12335205078125,414.5549753347994,411.41893957028475,413.2619671994321,65460200
2023-06-06,413.0206604003906,413.5513622720163,411.05218697831975,411.7083644173074,64022200
2023-06-07,411.5926208496094,414.55497554838854,411.16804749778333,413.416360399151,85373300
2023-06-08,414.0821533203125,414.53567350141725,410.888223972674,411.6601594331947,61952800
2023-06-09,414.8251037597656,416.84181220366423,413.83122295827593,414.88299744160406,85742800
2023-06-12,418.5883483886719,418.6655595975771,415.08566278011017,415.8093632644941,76104300
2023-06-13,421.3480529785156,421.9945422203873,419.38923828050775,420.0550450473256,95899700
2023-06-14,421.8498229980469,423.66390356059924,418.38571360357616,421.6858007148604,100612100
2023-06-15,427.079833984375,428.3342365219858,420.9332085446694,421.0296783956768,110303100
2023-06-16,425.6251220703125,429.6444678426859,425.1505574742759,429.07304548748067,114165800
2023-06-20,423.4168395996094,424.56937878552253,421.3345310858184,423.6783584670495,76160400
2023-06-21,421.2473449707031,423.23279563093934,420.65653344768134,422.42893845991415,76982300
2023-06-22,422.7679748535156,422.8744976898845,419.9495827719529,420.28857012220664,70637200
2023-06-23,419.5718688964844,421.36363393799417,418.85517470261544,419.3006849131147,92074500
2023-06-26,417.8575439453125,420.92773045025166,417.61541436670325,419.0003884627084,72823600
2023-06-27,422.4386901855469,423.05852660175333,418.2837379082009,418.7389427456429,72813700
2023-06-28,422.6517333984375,423.6686658346734,420.7340564410632,421.35389281030996,75636000
2023-06-29,424.3175354003906,424.4821965153007,421.82846584915717,422.2352269806223,67882300
2023-06-30,429.32489013671875,430.31276839073706,427.22319193462795,427.5428195993784,104964000
2023-07-03,429.81878662109375,430.09963567460966,428.6953017365227,428.9761803468744,32793400
2023-07-05,429.17950439453125,429.9155877356542,427.9882162856348,427.9979109264912,58418400
2023-07-06,425.81878662109375,426.2449370649579,423.3006329683059,425.5863516723805,80658300
2023-07-07,424.7437438964844,428.705010268812,424.50161428998615,424.8212419223924,86134200
2023-07-10,425.81878662109375,425.9931128326287,423.8139465179375,424.3853688047475,62443500
2023-07-11,428.5306396484375,429.02459348677553,425.60572474369303,426.5839377782571,64463800
2023-07-12,431.9786071777344,433.3926654570318,430.90356583885625,432.3369838475325,91924500
2023-07-13,435.40716552734375,436.2013577746271,433.3636057217178,433.7994213036379,72425200
2023-07-14,435.1359558105469,437.15046112494997,434.3708179806255,436.29818974063414,69815800
2023-07-17,436.6468200683594,437.7025015489115,434.9422182723966,434.9906619251845,52680200
2023-07-18,439.8913269042969,440.54021761031777,435.88164697449844,436.317492030114,80668200
2023-07-19,440.8695373535156,442.06079593363415,439.8138264075879,440.6855165139013,65891700
2023-07-20,437.94464111328125,440.7727278339868,437.2279469585864,439.87201281954555,70591600
2023-07-21,437.94464111328125,439.87201281954555,437.93497602797174,439.6686026755085,71275600
2023-07-24,439.9010009765625,440.7145527597498,438.0607926560814,439.09711427722993,54023400
2023-07-25,441.1020202636719,442.36108235466685,439.5814392896044,439.6298829434647,55191200
2023-07-26,441.1697998046875,442.60318803571505,439.10685100534744,440.16253245222157,71052900
2023-07-27,438.2449035644531,444.97611860827,437.3344938577742,444.5693278546494,92194400
2023-07-28,442.53546142578125,443.3683731021995,438.24490224608303,441.5281939658573,80011800
2023-07-31,443.37799072265625,443.73633775639166,441.6927488204381,443.0099490479554,62040400
2023-08-01,442.10931396484375,442.8550625330218,441.1504605979434,441.9059038088372,55291500
2023-08-02,435.9591979980469,439.24246004875226,435.2037548181366,438.9809707176882,93933400
2023-08-03,434.70977783203125,436.598400459704,433.2860546583424,433.93497496555943,64276100
2023-08-04,432.7436828613281,438.6419560832141,432.2206746748888,436.53059316769526,100128900
2023-08-07,436.5209045410156,436.6758710264232,433.8865334027571,434.58386780867363,58357500
2023-08-08,434.62261962890625,436.5112422778829,431.2521650523819,433.9736993143693,71361300
2023-08-09,431.7170715332031,435.05847179517355,430.95193373062347,434.89381066417457,78789600
2023-08-10,431.87200927734375,437.47973864760297,430.7001103815545,434.0802298731548,93005500
2023-08-11,431.6202087402344,432.6371707700478,429.39262829617013,429.9931049607352,68690900
2023-08-14,434.0027770996094,434.0027770996094,430.390222291899,430.70015528143995,47867400
2023-08-15,428.9471130371094,432.57905690734094,428.3756611915116,432.22068028440344,75707500
2023-08-16,425.7994079589844,430.19645984639186,425.6928555743393,428.5306071554129,80107200
2023-08-17,422.5549011230469,427.5330703308015,422.0318929109953,427.2715810031936,95711300
2023-08-18,422.7583312988281,423.7946532022972,419.3782111436538,419.7268636213596,98852000
2023-08-21,425.5088806152344,426.25462916083586,421.6154471933943,423.77522436133023,68719000
2023-08-22,424.3562927246094,427.29090202930854,423.79456510834734,427.29090202930854,64994200
2023-08-23,429.0826721191406,429.70253803409815,425.27640219751186,425.4216740348195,68441000
2023-08-24,423.135986328125,431.2037309919438,423.1069024037369,430.6904174605944,88517300
2023-08-25,426.1190490722656,427.4071655617542,421.30551135792575,424.86965203853134,102325100
2023-08-28,428.8211975097656,429.4410338891343,426.1190230158921,428.31754904739176,61595400
2023-08-29,435.0197448730469,435.30062349579674,428.53065951997604,428.71468038762214,83081900
2023-08-30,436.81146240234375,437.450688048326,434.651655881381,435.35868490424787,69053900
2023-08-31,436.1722717285156,438.5741784682446,435.98825086612203,437.4313338384164,66084600
2023-09-01,436.9858093261719,439.38774554402755,435.523337117232,438.9034863550366,58944100
2023-09-05,435.09716796875,436.85987843456763,435.0293941483985,436.5402803885754,55166200
2023-09-06,432.1722717285156,434.39018708961373,429.838138891174,434.2836346985003,70758500
2023-09-07,430.8454284667969,431.52337363207397,428.8115338572922,429.16018630397696,70355400
2023-09-08,431.4942932128906,433.0342338731247,430.53546948555345,430.89381655306994,61659700
2023-09-11,434.3320617675781,434.64196517344953,432.41438481227607,434.12865163508343,60180100
2023-09-12,431.9494934082031,434.4095383156122,431.36840603835697,432.87929231362625,67565400
2023-09-13,432.4531555175781,433.6153598507793,431.06815175751416,432.17227690873267,60199300
2023-09-14,436.18194580078125,436.87928025242013,433.6250725159966,434.9325783074241,83430800
2023-09-15,430.9266662597656,434.9213331435618,430.48931345860746,434.5908789178783,111848900
2023-09-18,431.17938232421875,432.48177122246517,430.13940510883424,430.6156436055034,55752200
2023-09-19,430.2851867675781,430.8489254828746,427.5929384264587,430.25602991410364,66514600
2023-09-20,426.3294372558594,431.9666464690887,426.1253096194747,431.54872168026867,82562600
2023-09-21,419.2829284667969,423.7343763843457,419.1274153539834,423.471964690838,104095800
2023-09-22,418.3401184082031,421.9168307442946,417.922163972963,420.31314452968047,100829700
2023-09-25,420.099365234375,420.1382212681615,416.6878647901077,417.1252472895092,70874500
2023-09-26,413.9276123046875,417.7570379277446,413.0917329227581,417.0475148201497,96168400
2023-09-27,414.0927429199219,415.667301957409,410.4382888305996,415.1035632540751,104705800
2023-09-28,416.493408203125,418.17486575562594,412.94585281051326,413.53874834610116,92258300
2023-09-29,415.4826354980469,419.72998517929483,413.9566909765415,419.55504406068815,115111300
2023-10-02,415.3174743652344,416.5712786147197,412.547454137296,414.64683695233043,83798600
2023-10-03,409.7579345703125,415.37571578475433,408.3875031242602,413.13054906663035,103760600
2023-10-04,412.7417907714844,413.49016980797626,408.7568525933047,410.2244834730011,87453000
2023-10-05,412.5862731933594,413.4318516223271,409.34974374781166,412.45018810032917,70142700
2023-10-06,417.48480224609375,419.0301747224433,408.7957044273052,410.12725010221135,113273300
2023-10-09,420.15765380859375,420.7310917141289,415.0258398518271,415.57982008053864,80374400
2023-10-10,422.344482421875,424.94926011159197,420.39088432404174,420.78938108166943,78607300
2023-10-11,424.0745544433594,424.3272372952325,421.0226652550823,423.41364596754795,62451700
2023-10-12,421.48919677734375,425.06590928014145,419.12740262422676,424.68687017880916,81154200
2023-10-13,419.3898010253906,424.20088940216954,417.8152716398533,422.9956702679193,95143100
2023-10-16,423.8023986816406,424.8715327429623,421.4017188780287,421.64470254373396,75433200
2023-10-17,423.78289794921875,425.84342414036877,420.31311409790493,420.6629963036486,75324700
2023-10-18,418.13604736328125,422.966564336601,417.04748517116894,422.0043584098401,93559800
2023-10-19,414.46209716796875,420.6727739909263,413.78176069076767,418.85526089082725,121323000
2023-10-20,409.369140625,414.56899671901874,409.262212394168,414.0247157104838,123919900
2023-10-23,408.6596984863281,412.53773851530804,406.07434835404024,407.8335479725251,92035100
2023-10-24,411.74066162109375,412.8972661743781,408.93175637423457,410.78815502983304,78564200
2023-10-25,405.8313293457031,410.0787089756388,405.31620513197595,410.0495521205634,94223200
2023-10-26,400.9716491699219,405.6174958558433,400.0483290003127,404.7622182339897,115156800
2023-10-27,399.15411376953125,402.9641106372074,397.72536865178915,402.5656138725483,107367700
2023-10-30,403.92633056640625,404.9857358094935,400.65091543681416,401.9533043501809,86562700
2023-10-31,406.46307373046875,406.7837991071731,402.58503439104294,404.4997467967024,79665200
2023-11-01,410.7979431152344,411.6143647421685,406.9004752940121,407.4350572007236,98068100
2023-11-02,418.67059326171875,418.8261063702263,414.58845573140115,414.60788374705487,94938900
2023-11-03,422.4902648925781,424.0453662261893,420.8574218397773,420.98377808691504,100167800
2023-11-06,423.4622497558594,423.9093314316939,421.5086514345454,423.24842292635685,67831700
2023-11-07,424.6673889160156,425.30886932835017,422.3153237318798,423.4621994716184,64256100
2023-11-08,424.97845458984375,425.7948761919887,422.6652452198862,425.2700231402192,61746000
2023-11-09,421.6641540527344,426.1642165380997,421.23650040437826,426.1253308443145,83174400
2023-11-10,428.244140625,428.555166852525,421.6544244424177,423.74410780896307,89462200
2023-11-13,427.83587646484375,428.9438664398027,426.1155629711309,426.9028275920748,52236100
2023-11-14,436.1362609863281,437.4289210638544,433.57033918584983,433.79389484093616,97176900
2023-11-15,437.0595703125,438.71187109713105,436.20426306686005,437.47749509718125,77327600
2023-11-16,437.5941467285156,437.9148721110953,435.54334919989805,436.6124832436495,66665800
2023-11-17,438.138427734375,438.7507513076313,436.68052576418063,437.6038458819822,83133200
2023-11-20,441.51104736328125,442.35662577021293,437.8759915717595,437.8857204098918,69936200
2023-11-21,440.5488586425781,441.384737961191,439.2756264779716,440.4613880733794,49244600
2023-11-22,442.24969482421875,443.57154137515226,441.15143358240533,442.2108387941116,59394900
2023-11-24,442.5218505859375,442.71624938753706,441.9678703574549,442.2983245913,29737400
2023-11-27,441.7248840332031,442.70651789043535,441.33608643233896,441.89009631858715,50506000
2023-11-28,442.1622314453125,443.4646203412509,440.7723719885752,441.3360810451993,62115000
2023-11-29,441.8511962890625,445.4570951907533,441.45272918496346,444.3199186012006,63146000
2023-11-30,443.59100341796875,443.9409153434161,440.61688552658904,442.69684007944744,79752700
2023-12-01,446.2152099609375,446.7497621614447,442.385785013724,442.97865092115586,89183400
2023-12-04,443.87286376953125,446.23465798918113,441.5888112755702,442.81345849809685,72430900
2023-12-05,443.7853698730469,444.74757569096187,442.1039122401313,442.482980993305,69793500
2023-12-06,441.99700927734375,445.9624895836762,441.5596268220381,445.9333327307286,69124700
2023-12-07,445.36956787109375,446.0207473923456,443.4840125205435,444.08660718000203,66995400
2023-12-08,447.2843322753906,447.81888446185815,444.3782275382068,444.6212111977086,83194400
2023-12-11,449.0240783691406,449.1990491481444,446.5748137350945,446.78864054401777,65002200
2023-12-12,451.07489013671875,451.17208953676845,447.6731187626275,448.67421029484495,68327600
2023-12-13,457.2952575683594,457.54797007152996,451.0943096912645,451.45392076971996,93278000
2023-12-14,458.7629089355469,460.43463781217446,456.08035966207416,459.23914744875873,119026000
2023-12-15,458.007568359375,459.344542615275,456.1534111366882,458.16371199031266,141553700
2023-12-18,460.5838623046875,461.56950587867277,458.5540548031128,459.61775529658735,70375300
2023-12-19,463.3846435546875,463.46273025955963,461.05231697495356,461.1303738984737,55761800
2023-12-20,456.9633483886719,464.4190197192671,456.5339609015259,462.52581937540066,102921000
2023-12-21,461.2962646484375,461.5695085402511,457.5293705169891,459.9592904756651,86667500
2023-12-22,462.22332763671875,463.9116026187795,460.3203886798005,462.4282531099421,67160400
2023-12-26,464.1750793457031,465.0826362249441,462.5551227779302,462.6332094792943,55387000
2023-12-27,465.01434326171875,465.16071859872636,463.4334300593357,463.9701495554804,68000300
2023-12-28,465.19000244140625,466.0292409103148,464.770383206952,465.37542113223043,77158100
2023-12-29,463.84332275390625,465.521829592495,461.88180371739503,464.9948485504832,122283100
2024-01-02,461.2474670410156,462.2428789339532,459.1395727623468,460.76929766113875,123623700
2024-01-03,457.4805908203125,459.82268558708614,456.8755528985423,459.08101082809003,103585900
2024-01-04,456.00701904296875,459.59823307859364,455.78255699773547,457.00240114962037,84232200
2024-01-05,456.6315612792969,459.09075619444957,455.1774869016725,456.21191228687286,86118900
2024-01-08,463.1504211425781,463.29679648061466,457.00238891288757,457.1292574663028,74879100
2024-01-09,462.44781494140625,463.4724721448551,459.97885150079935,460.4862959607646,65931400
2024-01-10,465.0631408691406,465.9316842003945,462.4380338715852,462.7210460536215,67310600
2024-01-11,464.85821533203125,466.5855039297226,460.8668888410367,466.0682912006048,77940700
2024-01-12,465.18023681640625,467.0539305202065,463.7652354820875,466.31225575267183,58026400
2024-01-16,463.4724426269531,465.1119059605971,461.64756060638337,463.79449814902443,85014900
2024-01-17,460.89617919921875,461.3841168761338,458.53454773915473,460.43751659166446,68843900
2024-01-18,464.9948425292969,465.5510986341424,461.0230524327812,462.57469068733496,91856200
2024-01-19,470.79150390625,471.07451607606174,465.04361399672933,466.12682126184484,110834500
2024-01-22,471.7869567871094,473.5142454606471,471.13310718922804,472.3334446086135,75844900
2024-01-23,473.16290283203125,473.4068716669151,471.2404570032446,472.3334326185078,49945300
2024-01-24,473.68017578125,476.97860962443474,473.1824697960818,476.0417775770774,81765000
2024-01-25,476.25640869140625,476.529652576822,473.6801134548218,475.817252905647,72525000
2024-01-26,475.6513671875,477.3201055543282,474.8023604707163,475.8270175879346,76641600
2024-01-29,479.418212890625,479.5646180000114,475.4171482779632,475.963636023537,61322800
2024-01-30,479.04742431640625,479.7597942015554,478.2862130177268,478.72536880060346,58618400
2024-01-31,471.2306823730469,477.2810915278646,471.21114580645406,476.8321972165028,126011100
2024-02-01,477.3982238769531,477.4274989456315,472.128473264039,472.9384664663924,91891600
2024-02-02,482.4239501953125,484.08292030102734,477.49576216688445,477.8373244708508,99228200
2024-02-05,480.6673889160156,482.453257473618,478.4033807510974,481.78966938702735,75757100
2024-02-06,482.0628967285156,482.3946907604105,480.17943474492984,481.6139726429951,55918600
2024-02-07,486.08349609375,486.5031153279947,483.40957750278733,484.3171641716027,70556500
2024-02-08,486.2981872558594,486.67876313703624,485.26376181906494,486.08349349833503,52343600
2024-02-09,489.1086730957031,489.5477990767194,486.4640298019624,486.8055920858739,63979400
2024-02-12,488.89398193359375,491.3531767842972,488.17181401431174,489.0794006092278,56502300
2024-02-13,482.160400390625,485.0977942402364,478.88147404986125,482.59955613831715,113099200
2024-02-14,486.54217529296875,487.03011296285007,482.47276202236384,484.8051183794454,68387800
2024-02-15,489.8991394042969,490.08455808264773,486.76655843722136,487.24475755676514,61683000
2024-02-16,487.4595031738281,490.7384300384019,486.7178283814998,489.5966725621618,75532900
2024-02-20,484.77581787109375,486.3860061409344,482.5215483370468,485.7126498093255,71736700
2024-02-21,485.2149353027344,485.3710789199038,481.6529965187708,483.4681400096849,59293400
2024-02-22,495.2567138671875,496.22282088243315,490.88478180969435,491.85091860629063,76402500
2024-02-23,495.5982666015625,497.8232610473495,494.8663601420095,496.98399282076,61321800
2024-02-26,493.78314208984375,496.47656749463823,493.65627353362504,496.0374116894735,50386700
2024-02-27,494.700439453125,494.92490148468676,492.5730385293385,494.47600720291285,48854500
2024-02-28,494.046630859375,494.63213220475586,492.7779751212326,493.13904421133424,56506600
2024-02-29,495.82269287109375,497.4426493891131,493.15857245054144,495.8129543697353,83924800
2024-03-01,500.47760009765625,500.90698759184596,496.29111670133034,496.70099741172936,76844800
2024-03-04,499.9408874511719,501.7950742838469,499.6481367835651,499.6774416316755,49799300
2024-03-05,494.9444274902344,498.3795276061861,492.7292012805933,497.9306035256283,72855600
2024-03-06,497.4524230957031,499.7164608888025,496.1545220794044,498.23311140577533,68382400
2024-03-07,502.39031982421875,503.44428173979026,497.51094372229056,500.76062488372975,58652100
2024-03-08,499.3749084472656,505.7180680999103,498.7991455954804,503.0247023113752,86532500
2024-03-11,498.94549560546875,499.53102671053773,496.2325636072866,498.1648073196095,62557200
2024-03-12,504.3128662109375,504.89836756595776,498.5356415487977,501.0631847838215,73114400
2024-03-13,503.5223693847656,504.8105319780075,502.078092945087,504.6348815647523,55104100
2024-03-14,502.5270080566406,504.6544091071824,499.4725135393552,504.4982357008347,110171800
2024-03-15,499.07635498046875,500.90693694327877,497.4024316630392,499.44834457853835,107646300
2024-03-18,502.0424499511719,504.6071826366265,501.63132556015915,503.15841876026013,88893300
2024-03-19,504.83233642578125,505.11619805115,500.33912535177535,501.3474286120831,60755300
2024-03-20,509.5016784667969,509.63873983527566,504.21561462485215,504.89106308633967,69594600
2024-03-21,511.1853942871094,513.0550809055346,510.901472936943,512.350296341864,60256100
2024-03-22,510.2163391113281,511.58677360023546,509.9813511510512,511.09731990824747,79070800
2024-03-25,508.8067321777344,509.9618357712417,508.65007353074856,508.8360683316894,48512100
2024-03-26,507.866943359375,510.5785359636074,507.465617616324,510.23588252659715,65463700
2024-03-27,512.1349487304688,512.174143263585,508.53257680183424,510.7057822180554,82999800
2024-03-28,512.0370483398438,513.5445440719409,511.7531867321709,512.1741097012416,96294900
2024-04-01,511.146240234375,513.3194456399708,509.98133808737305,512.7810585421283,62477500
2024-04-02,507.8963317871094,508.0333334121318,505.5860649599207,507.3089515099197,74230300
2024-04-03,508.45428466796875,509.9618403568663,506.7509952902305,506.79992871244065,59155800
2024-04-04,502.2480163574219,512.8202041062084,501.944557459695,512.4776104224978,96858100
2024-04-05,507.4949645996094,509.4625780657706,503.1682105494758,503.6087308363095,74546500
2024-04-08,507.7787780761719,509.20800427742034,506.9663280162004,508.19976080323164,48401800
2024-04-09,508.3661804199219,509.76601078340246,503.5009797426477,509.52128394193176,68049200
2024-04-10,503.27587890625,505.27282853748704,501.28872790887357,502.64936381684595,82652800
2024-04-11,507.0740051269531,508.52276887946033,501.2788903691615,504.8029329149541,70099000
2024-04-12,500.0747985839844,504.9399690444143,498.34211354923036,503.5205415143918,92561100
2024-04-15,493.8098449707031,504.43096625601453,492.95817044710765,504.26456872904316,92101400
2024-04-16,492.90924072265625,495.81659688850766,491.6170757880816,494.2895037381496,73484000
2024-04-17,489.9920654296875,495.5424832864925,488.5922350793865,495.3760558913513,75910300
2024-04-18,488.9837951660156,493.49657364344756,488.0440524623093,491.39192878796825,74548100
2024-04-19,484.7157897949219,489.90398704424035,483.44319225577453,488.9055122549044,102212600
2024-04-22,489.1795959472656,491.78349315664354,484.98007493251976,487.3294466640699,67961000
2024-04-23,494.9844970703125,495.4152186955436,488.99358884976584,491.19613039401867,64633600
2024-04-24,494.7495422363281,496.6681921802562,492.51763478656846,495.87527965691265,55928100
2024-04-25,492.87005615234375,493.6336026966789,486.99661200395565,488.6509678289955,69122400
2024-04-26,497.53948974609375,499.1253149704082,495.03348916650594,495.6697730082035,64306100
2024-04-29,499.301513671875,499.9769621780909,496.5507862258181,499.3308796993677,46415400
2024-04-30,491.3919677734375,498.8120730284718,491.3919677734375,497.8331655878988,77483600
2024-05-01,489.7962951660156,497.4709251521688,489.3264088866621,490.80456853459987,80242800
2024-05-02,494.3775939941406,495.2194698771777,489.0131707855575,493.516150718059,62550200
2024-05-03,500.50555419921875,501.73895716286734,497.83312634252997,500.37829146215523,72756700
2024-05-06,505.67413330078125,505.7132680822078,502.47308742336617,502.91360764238556,47264700
2024-05-07,506.232177734375,507.6320081205366,505.55672925106126,506.64330210533313,52561300
2024-05-08,506.281005859375,506.8193928578092,504.2742580937098,504.3917221752681,42047200
2024-05-09,509.1982116699219,509.23740620188596,505.8112305297066,506.4670817147218,43643700
2024-05-10,509.8541564941406,511.6161778645498,508.63052224416674,510.8036679931926,52233200
2024-05-13,509.9225769042969,511.6454633171765,508.7772720891876,511.5377978533116,36716400
2024-05-14,512.2621459960938,512.7809955114608,509.5799497220426,510.11833675370696,57535900
2024-05-15,518.6055908203125,518.8992510906287,514.1025809336553,514.7388946424787,59504900
2024-05-16,517.5384521484375,520.3087762655342,517.3915921687143,518.7033541112783,50244800
2024-05-17,518.282470703125,518.3510013823711,516.1973934194888,517.6559557052394,59187600
2024-05-20,518.8795776367188,520.3479385204677,518.008335839566,518.3999226410019,37764200
2024-05-21,520.1522216796875,520.308880322423,517.9105452430766,518.1161373062547,33437000
2024-05-22,518.6544799804688,520.1717743707599,516.471476037249,519.457191149343,48390000
2024-05-23,514.8662109375,521.82622893288,513.6523154476542,521.718563447193,57211200
2024-05-24,518.2727661132812,519.0852760314796,515.7667654147743,516.7162769685657,41291100
2024-05-28,518.6348876953125,519.3201347726647,515.9918259671035,519.0852065742038,36269600
2024-05-29,515.003173828125,516.1876733248712,514.2885905251699,514.5920494378546,45190300
2024-05-30,511.5867614746094,514.1221578280299,510.33379112165585,513.4565079924353,46377600
2024-05-31,516.246337890625,516.3736006194137,507.42637356021385,512.546099366396,90785800
2024-06-03,516.6672973632812,518.1454570499837,511.5769670953754,517.8615954221938,46835700
2024-06-04,517.2449340820312,517.9889133212755,513.8872886188278,515.3556498285665,34632700
2024-06-05,523.3924560546875,523.4120533239656,517.5777431174533,519.5747526551082,47610400
2024-06-06,523.382568359375,524.1265474920779,521.4443509593684,523.6958258756584,30808500
2024-06-07,522.7462768554688,525.5655345515494,521.307252110627,522.4036234649075,43224500
2024-06-10,524.3615112304688,524.6845674016187,521.3367208253204,521.9338399994415,35686100
2024-06-11,525.6243286132812,525.6830606660559,520.8276585615498,522.80507058457,36383400
2024-06-12,529.9412231445312,532.64301675814,528.9035838325556,530.205547225615,63251300
2024-06-13,531.00830078125,531.869744023919,528.2086401164571,531.6935478717044,44760900
2024-06-14,531.331298828125,531.3606349764045,528.4630480454178,529.4713511785463,40089900
2024-06-17,535.5602416992188,536.9601319299801,530.1860493613389,530.646166931424,55839500
2024-06-18,536.9209594726562,537.0482222261405,535.1980727311192,535.6189957819628,41376400
2024-06-20,535.4623413085938,538.5165275797466,533.6807226924603,537.8508777255481,70328200
2024-06-21,534.7445068359375,535.8640759164524,533.2812387990208,534.636494014271,64338600
2024-06-24,533.0062255859375,537.1407429637898,532.8883825199175,534.5677361214845,45528700
2024-06-25,535.0586547851562,535.4220141513249,532.7115043297897,534.2336935584028,37936200
2024-06-26,535.7265625,536.4434511367156,533.291059231854,533.9391960904497,38550600
2024-06-27,536.5711059570312,537.1505509580609,534.8426611396433,535.589040487199,35041500
2024-06-28,534.4596557617188,540.4110302137201,533.2124733406529,537.3469307192006,76144500
2024-07-01,535.5595703125,536.08986404863,532.7901386983468,535.8443476992247,40297800
2024-07-02,539.1637573242188,539.1637573242188,533.8999009464727,533.9489922304165,40434800
2024-07-03,541.56982421875,541.9331836330194,538.8102227549504,538.8494837936086,32789900
2024-07-05,544.6928100585938,545.0954305299725,541.2359204016998,541.874286937383,41488400
2024-07-08,545.3213500976562,546.2739248445872,544.2508723475028,545.478454201086,36110500
2024-07-09,545.8516235351562,547.1872181563506,545.5570158893808,546.283734729133,27289700
2024-07-10,551.2529296875,551.5966285839402,546.7845443312167,547.0791519482386,38701200
2024-07-11,546.4996948242188,552.244812960266,545.8613883249984,551.370760432176,53054200
2024-07-12,549.94677734375,553.5607707150377,547.1577452576701,547.6291174546383,53084400
2024-07-15,551.459228515625,554.7098626844446,549.5932802263559,551.9502612295888,40584300
2024-07-16,554.7294921875,555.0240998431519,552.0189818744624,552.7751914744023,36475300
2024-07-17,546.9514770507812,550.4574575343235,546.627378702753,548.7781042114635,57119000
2024-07-18,542.7482299804688,549.4852440848026,540.5582433501387,548.4933484542273,56270400
2024-07-19,539.1441040039062,544.1428435386215,538.0834565302354,542.5125813182824,65509100
2024-07-22,544.7025756835938,545.3114514113106,541.1376736329704,543.0821438640331,43346700
2024-07-23,543.8482666015625,546.7551421476373,543.3572338468313,544.5945860387156,34439600
2024-07-24,531.5232543945312,539.3208563195052,530.6001104911534,539.0164184333124,74515300
2024-07-25,528.7537841796875,537.6415236413737,527.8110397958803,531.6410587361225,61158300
2024-07-26,534.6756591796875,537.3763388802067,531.7785544219373,532.5544244069231,53763800
2024-07-29,534.989990234375,537.2388985619386,532.9865383315928,536.2274023059714,39515800
2024-07-30,532.279541015625,537.5237975537062,528.8619719996664,536.463149950623,46853600
2024-07-31,540.9314575195312,543.5732159258974,537.7594053591405,539.1342609978949,65663400
2024-08-01,533.2713623046875,544.9186439967344,529.7555512584067,542.659905480717,76428700
2024-08-02,523.3427124023438,527.3593266038325,519.1197829332602,526.1415750127649,82789100
2024-08-05,508.10101318359375,514.1898307923391,501.1185124437748,502.4639672478691,146267400
2024-08-06,512.7855224609375,520.249196250666,508.58225336867037,509.9080178114113,84826300
2024-08-07,509.3580627441406,522.0562223292172,508.7590171785257,518.9921228426584,70698300
2024-08-08,521.133056640625,521.7615329757872,512.4810623968182,514.513885136989,63276600
2024-08-09,523.4309692382812,524.923727659792,519.0804271971765,520.3080088094694,45619600
2024-08-12,523.7059936523438,526.1218359834986,521.4275949115357,524.6291374530116,42542100
2024-08-13,532.3187255859375,532.5544716398305,526.6620790433668,526.9075954015528,52333100
2024-08-14,533.998046875,535.1863675555963,530.4331447737245,533.1141640625877,42446900
2024-08-15,543.15087890625,543.4356562731828,539.036022778579,539.644898487546,60846800
2024-08-16,544.3687133789062,545.066001447727,541.3734256554437,541.5305297582873,44430700
2024-08-19,549.5736083984375,549.5736083984375,543.926732304356,544.7811244137845,39121800
2024-08-20,548.6798706054688,550.7815046393756,547.3344459997681,549.1218119588426,33732300
2024-08-21,550.5654907226562,552.028758554174,544.7811112258051,549.7307591225532,41514600
2024-08-22,546.244384765625,553.0795814875313,545.0266332673548,552.4707057383962,56121500
2024-08-23,552.0484619140625,552.9912663344013,547.2952387130678,549.4951156938582,50639400
2024-08-26,550.732421875,553.7964610598141,549.0236377073744,553.0795725146759,35788600
2024-08-27,551.4887084960938,551.9797412538522,548.3068258163023,549.455825686111,32693900
2024-08-28,548.287109375,551.5770644805714,545.085566530633,551.1449533002178,41066000
2024-08-29,548.336181640625,553.5706069059922,547.187181927915,550.2610513664456,38715200
2024-08-30,553.5706176757812,554.0813108649274,547.1479315360851,550.7128337345928,62700100
2024-09-03,542.1787109375,550.7521231432277,539.6547955357257,550.4181945160806,60600100
2024-09-04,541.0690307617188,544.4865997200234,539.6057626718821,540.3324815937721,47224900
2024-09-05,539.7529296875,543.8677859554409,537.2879360362771,541.0100021233877,44264300
2024-09-06,530.6688842773438,541.7072905965744,529.7654008260863,540.0770882862281,68493800
2024-09-09,536.6103515625,537.8870845889743,532.9472666463545,534.8819667353457,40445800
2024-09-10,538.9476928710938,539.3012819984793,533.6347450012723,538.5254119078065,36394600
2024-09-11,544.4766845703125,545.3998284478084,530.2760571886295,538.8592992301786,75248600
2024-09-12,549.06298828125,549.367426167289,542.8268368290717,545.0561445387712,51819600
2024-09-13,551.9306640625,552.9323900948785,549.4165786761877,549.6719253072272,39310500
2024-09-16,552.7457275390625,553.0108444429941,549.8584528057411,551.6654196124157,36656100
2024-09-17,552.9715576171875,556.4186166721934,550.7324197918623,554.9651191583721,49321000
2024-09-18,551.33154296875,558.4907782007374,550.771758494403,553.6295424523687,59044900
2024-09-19,560.73974609375,562.6056945402063,557.8917920771589,560.7692368305202,75315500
2024-09-20,559.7703857421875,560.8145656669737,556.7363296850394,559.3665303523799,77503100
2024-09-23,561.169189453125,561.8193743965802,559.6226102686882,560.844157105768,44116900
2024-09-24,562.7748413085938,562.8339435617671,559.1300420312542,561.9670704323123,46805700
2024-09-25,561.5336303710938,563.3560600605995,560.4204878396197,562.6172518383486,38428600
2024-09-26,563.7599487304688,566.1340196278296,561.3957983542562,565.8089271560161,48336000
2024-09-27,562.9423217773438,565.651285439919,561.908002221962,564.8337142422162,42100900
2024-09-30,565.1981811523438,565.8089245059994,559.6029471264981,561.9079952356186,63557400
2024-10-01,560.1348876953125,565.4937128909536,557.5539888818164,564.8435880512217,72668800
2024-10-02,560.3712158203125,561.3957349796159,556.8348209898014,559.2384126817892,38097800
2024-10-03,559.3468017578125,561.2972362765911,557.0515539848665,558.8936443913503,40846500
2024-10-04,564.4298706054688,564.8042049873783,559.6226860293051,563.8092667683229,42939100
2024-10-07,559.3270874023438,563.425044167477,558.1745633665616,562.7748592374886,49964700
2024-10-08,564.616943359375,565.2178864241666,561.0313063853904,561.9079798048728,37398700
2024-10-09,568.5277709960938,569.0892725126486,564.0062377966648,564.6071207773316,37912200
2024-10-10,567.5328979492188,568.9612728349974,565.9173558697948,567.1782843584319,44138100
2024-10-11,570.9313354492188,571.6701437051296,567.3160570940822,567.4539823983677,42268000
2024-10-14,575.6005859375,576.5364217400751,572.0641306807273,572.54680911459,36217200
2024-10-15,571.1282958984375,576.171888189524,569.9067492210658,575.8665165512717,54203600
2024-10-16,573.6107177734375,574.1328378005626,570.3205920106161,571.1283629185417,30725400
2024-10-17,573.6599731445312,577.3737353042621,573.4728059770134,577.1668473429936,34393700
2024-10-18,575.8665771484375,576.6546272535265,573.8865614270069,575.3543175241635,37416800
2024-10-21,574.9209594726562,576.1227255252943,571.9361448880472,575.137647728295,36439000
2024-10-22,574.6155395507812,575.7779240387921,571.7194086656112,572.379393899403,34183800
2024-10-23,569.3650512695312,573.0295715850681,565.8483166590198,572.5862745943635,49314600
2024-10-24,570.596435546875,571.4042065299044,567.966294746531,571.3253834738008,34979900
2024-10-25,570.3993530273438,575.7385172942365,569.4537169426869,572.832526139626,47268200
2024-10-28,572.1627197265625,574.0146706850179,571.8573480325817,573.8866057690544,30174700
2024-10-29,573.088623046875,574.2115658329249,569.7984373596124,571.1972307374274,42899700
2024-10-30,571.3549194335938,574.6155241758808,570.645632233565,572.615787609554,41435800
2024-10-31,560.1546020507812,567.0402856066526,559.957574484397,566.9713229521994,60182500
2024-11-01,562.5187377929688,566.9614477579651,562.1050220014198,562.7945884035815,45667500
2024-11-04,561.30712890625,563.9569903576214,559.4157965332372,562.6566805623088,38217000
2024-11-05,568.0942993164062,568.1336807780868,562.0065265842841,562.2232148100805,39478300
2024-11-06,582.2203369140625,583.0970705492409,576.6546836514896,580.4078275075276,68182000
2024-11-07,586.7221069335938,587.7466262080364,584.1510685994552,584.2298916492671,47233200
2024-11-08,589.2636108398438,590.6919854789882,587.2737347167168,587.2737347167168,46444900
2024-11-11,589.8250732421875,591.2140062031049,588.0913270467408,590.8593926970449,37586800
2024-11-12,587.992919921875,590.3472099973874,585.5006444102133,589.7463270131273,43006100
2024-11-13,588.2786254882812,590.2881625954766,586.0819211903879,588.4559322808827,47388600
2024-11-14,584.495849609375,588.8893179492193,583.8063432948493,588.4066394793019,38904100
2024-11-15,577.0093383789062,581.3929467431524,575.1475268521092,580.92006850062,75988800
2024-11-18,579.37353515625,580.6935057455166,576.6054689287176,577.4722820828334,37001700
2024-11-19,581.4913330078125,582.2202808592402,575.3149369393851,575.9847825359503,49412000
2024-11-20,581.6884155273438,581.9740664321081,575.9060139035164,581.5702110064499,50032600
2024-11-21,584.8110961914062,586.2394709664421,578.6839413917952,584.5451660811236,46750300
2024-11-22,586.6236572265625,587.2541214128702,584.2988881794737,584.8012273246769,38226400
2024-11-25,588.6134643554688,591.8937295695996,586.3182166457023,590.5737592167452,42441400
2024-11-26,591.68701171875,592.3568574158614,589.1454941294314,589.8645816922582,45621300
2024-11-27,589.89404296875,591.883858859544,588.3671846956962,591.4997242855515,34000200
2024-11-29,593.55859375,594.3466439350991,590.4359140778026,590.7117045866185,30177400
2024-12-02,594.62255859375,595.3022647280144,593.4798345965957,593.9723735308631,31746000
2024-12-03,594.8982543945312,595.1445238224464,593.3517352966707,594.3860548690404,26906600
2024-12-04,598.5922241210938,598.8384935195138,595.9227023218134,596.5925478705923,42787600
2024-12-05,597.6072387695312,599.4000874816838,597.2526252109184,598.5923165152608,28762200
2024-12-06,598.7401123046875,599.9813199050982,597.9619225172376,598.3756383425828,31241500
2024-12-09,595.65673828125,598.7892779517493,595.0657157488416,598.6218315882949,34742700
2024-12-10,593.8048095703125,596.7600425908593,593.1448243638806,596.3364664061719,37234500
2024-12-11,598.3953247070312,599.3508212217944,596.4645507592219,596.7404013764967,28677700
2024-12-12,595.31201171875,598.0997382660831,595.31201171875,597.5284365007215,31543800
2024-12-13,595.19384765625,598.0702578450652,593.8147147595496,597.3511703289549,35904700
2024-12-16,597.7352905273438,598.7105679786196,596.1789110129041,596.9571007701239,43695200
2024-12-17,595.2725830078125,596.1394561956839,593.8935102993782,595.1740992873428,55773500
2024-12-18,577.5313720703125,597.3609304879477,577.1471773446116,594.9671989364094,108248700
2024-12-19,577.35400390625,584.1510639445604,577.1077344863745,582.5355221203287,85919500
2024-12-20,584.2886352539062,588.8352196171104,574.1674387147792,575.0175026728227,125716700
2024-12-23,587.7875366210938,588.3904419763173,580.8391036798633,584.0316546408188,57635800
2024-12-24,594.32080078125,594.3603751171399,588.5584517113257,589.1416302251183,33160100
2024-12-26,594.3604125976562,595.4871350336715,591.138241009476,592.5417425072483,41219100
2024-12-27,588.103759765625,590.8416278253472,583.9030892928905,590.6043628183209,64969300
2024-12-30,581.392578125,584.8717412480703,577.6268027117767,581.066451827259,56578800
2024-12-31,579.2774658203125,583.7845361057068,577.6366994322016,583.0629680945224,57052700
2025-01-02,577.8541870117188,584.268848917565,573.7622248829753,582.5490544849214,50204000
2025-01-03,585.0792846679688,585.7217039617416,579.623335665357,580.7106042287589,37888500
2025-01-06,588.44970703125,592.7393596690575,586.7101255067332,589.3491785436146,47679400
2025-01-07,581.7978515625,590.8119920606497,579.9693484070148,590.4858054370367,60393100
2025-01-08,582.6477661132812,583.7251410015127,578.4075819613619,581.8669573794003,47304700
2025-01-10,573.7523193359375,579.148967552338,571.8348342474784,579.0797727939155,73105000
2025-01-13,574.6419067382812,574.9977137931114,568.6719735158341,569.0871420731995,47910100
2025-01-14,575.4326171875,578.2099995586356,571.6371609030458,577.5774134567713,48420600
2025-01-15,585.899658203125,587.0461675916275,582.3611942103539,583.4780831774012,56900200
2025-01-16,584.77294921875,587.4514560986999,584.0711683508569,587.2735525674167,43319700
2025-01-17,590.6439819335938,592.4032903303786,588.6968161028142,590.0311830207747,58070600
2025-01-21,596.0504760742188,596.0603696579795,591.7213092581105,593.6980955549004,42532900
2025-01-22,599.4011840820312,600.7651715456991,598.3337025176967,598.8872003053638,48196000
2025-01-23,602.6727294921875,602.6727294921875,598.4918457286775,598.7685644436611,41152100
2025-01-24,600.913330078125,603.6907726306447,599.7569270310084,602.7319999441287,34604700
2025-01-27,592.4132080078125,592.7295010606359,587.7381276298589,587.9061375768574,70361100
2025-01-28,597.5034790039062,598.3435890966371,590.3178411060637,593.6487213775014,44433300
2025-01-29,594.8248291015625,597.1179082556828,592.2648645148614,596.7126333153398,37177400
2025-01-30,598.0173950195312,599.5592859855939,593.747529191958,596.9499738076877,39281300
2025-01-31,594.8348388671875,602.8803744805813,594.0737567525663,600.448905343786,66566900
2025-02-03,590.831787109375,593.3224968021361,583.6362560871698,585.7909458950113,65857200
2025-02-04,594.7952880859375,595.3092115270962,590.3475186916722,590.8911228856247,33457800
2025-02-05,597.2068481445312,597.35513123978,591.6323569254649,593.668444292325,30653100
2025-02-06,599.2825317382812,599.4110276717307,595.6353586638426,598.9563451128535,35771500
2025-02-07,593.7969360351562,601.0714946997704,593.0852616403969,599.8458969203407,50788500
2025-02-10,597.82958984375,598.4720695404235,595.7440947156747,597.0191605249602,26048700
2025-02-11,598.2843017578125,598.8279059672569,595.4377244382205,595.5563267993089,30056700
2025-02-12,596.35693359375,597.5331239679138,591.5632504880516,592.2452442399068,45076100
2025-02-13,602.6529541015625,602.860538386905,596.198778008583,597.4638899085884,40921300
2025-02-14,602.623291015625,603.8982964094444,602.0005985304107,602.8604957096632,26910400
2025-02-18,604.3925170898438,604.3925170898438,601.3186288745633,603.7896117473091,26749000
2025-02-19,605.8157958984375,606.1123017730542,602.4849158656623,602.9988995994843,31011100
2025-02-20,603.29541015625,604.5803091740476,599.9744236813096,604.4419196559093,36554000
2025-02-21,592.9765625,603.216300601011,592.5119863702242,603.0779110877393,76519800
2025-02-24,590.2783203125,596.0307759330515,589.5666458438759,595.0324891561768,50737200
2025-02-25,587.3427124023438,590.9503713867966,582.7170398838512,590.2189701372146,58266500
2025-02-26,587.6392211914062,592.620761102799,584.9903348809851,589.013102100412,43321600
2025-02-27,578.2593383789062,591.0788275306367,577.864017357305,589.9223642338113,74196700
2025-02-28,587.283447265625,587.8171578604871,575.6797210871997,578.7635029554216,88744100
2025-03-03,576.9942626953125,590.4067643806418,573.1691862018861,589.2601945949107,74249200
2025-03-04,570.1644897460938,578.5955127414016,565.608011549554,572.9814465763258,109648200
2025-03-05,576.2925415039062,578.0914243818631,566.4283965915856,569.996481594424,71230500
2025-03-06,566.0626831054688,573.4360576617548,563.5027182107181,568.8004912077067,80094900
2025-03-07,569.2353515625,570.6883208259039,559.0648080255879,564.2736590980126,81158800
2025-03-10,554.073486328125,562.9294509409499,549.1414138289008,561.0021324297065,99326600
2025-03-11,549.467529296875,557.4735503902486,545.6128320238284,552.9071786453155,88102100
2025-03-12,552.3832397460938,556.574016783005,547.2633707942651,555.6449248680879,69588200
2025-03-13,545.019775390625,552.6205217060727,543.2999808309211,552.00772273254,74079400
2025-03-14,556.2775268554688,557.2857071377122,545.0889095501292,549.655280917059,62660300
2025-03-17,560.5671997070312,563.097483760462,555.8228643209595,556.2577597204585,49008700
2025-03-18,554.5083618164062,558.4619345411708,552.571089463648,558.244456671408,66041400
2025-03-19,560.5474243164062,564.3230934716701,555.111261871823,556.2973457432603,66556000
2025-03-20,558.9263916015625,563.9474453254734,556.0699211298971,556.7914890984629,62958200
2025-03-21,559.11083984375,560.0130172119408,553.2122577806573,554.4514658625183,83763000
2025-03-24,569.1236572265625,570.1844265679264,565.2771506364932,565.8719462913679,58766800
2025-03-25,570.4917602539062,571.4335099767462,568.7370222712309,570.3331077369899,38355700
2025-03-26,563.6810302734375,571.3541962868256,562.2930931538029,570.2240241043976,51848300
2025-03-27,562.18408203125,565.971108987233,560.062543386952,562.2831944691987,42164200
2025-03-28,550.8626708984375,561.3811152230641,550.2777985606353,560.6475137101825,71662700
2025-03-31,554.5604858398438,555.869096797962,542.1485586831927,545.0830251203251,95328200
2025-04-01,556.1267700195312,558.0797932554686,548.8997308809147,552.6372015020189,54609600
2025-04-02,559.6461791992188,562.5211054527999,550.019989677278,550.2579079318416,76014500
2025-04-03,532.06640625,543.2390654249921,532.06640625,540.4037717910755,125986000
2025-04-04,500.9176330566406,521.3298644038904,500.69953122991006,519.1488461365848,217965100
2025-04-07,500.025390625,518.653143533525,477.6403203280687,484.9665325599909,256611400
2025-04-08,492.1936340332031,520.4475480659574,484.93682423959376,517.3544895320528,165816600
2025-04-09,543.8834838867188,543.8834838867188,488.7932402716448,489.17988772825765,241867300
2025-04-10,520.0510864257812,528.8940591891369,504.9228230551959,527.5755247234605,162331200
2025-04-11,529.3302001953125,531.7986929533369,515.5799524923516,518.4945722506925,97866300
2025-04-14,534.4654541015625,539.580938661594,529.2508571038156,539.3528832417228,68034000
2025-04-15,532.9684448242188,538.5399188279399,532.175363851926,535.0106570692674,56892900
2025-04-16,521.1217041015625,533.2461579222,515.7980706703437,527.0897499812648,83484800
2025-04-17,521.8651733398438,526.5840872057769,519.3867572764926,523.0845951885916,79868100
2025-04-21,509.443359375,517.1958517151049,504.0701402922449,516.6604751455176,69368100
2025-04-22,522.697998046875,524.7302873126982,514.7075863102422,515.6493966065633,75948100
2025-04-23,530.79736328125,540.7209502963145,529.2706808590098,535.7641184612734,90590700
2025-04-24,541.9701538085938,542.7037553366079,530.8272040401201,532.086198348384,64150400
2025-04-25,545.885986328125,546.2924199116221,538.9959780328687,541.9304442378503,61119600
2025-04-28,546.0941772460938,548.770878725811,540.3145544882295,546.6295538469604,47613800
2025-04-29,549.5341796875,550.6544284573699,543.8139767217216,544.1708540710082,47775100
2025-04-30,549.7523803710938,551.7153272696712,536.8448291409326,542.8425846178815,93101500
2025-05-01,553.6483764648438,559.2000647311057,553.0436574695955,555.5319968692943,63186100
2025-05-02,561.8668212890625,563.4728299899488,557.52463168794,559.8543184862792,60717300
2025-05-05,558.6448974609375,561.7578025218996,556.850526672483,557.7130106117388,38659200
2025-05-06,553.9755249023438,558.486229861133,552.151444635027,553.1130409863903,48264700
2025-05-07,556.3052978515625,558.9522292842823,551.239369394788,555.3139314189718,55588000
2025-05-08,560.1815185546875,565.3861923682981,556.850541835946,560.3599572530266,65130800
2025-05-09,559.4677734375,562.6004648206437,557.9013974918248,561.5892516710271,37603400
2025-05-12,577.9567260742188,577.9666494201874,572.0580835025086,576.4498296839446,78993600
2025-05-13,581.7734985351562,583.9941496422729,577.8080328415324,578.3730584556538,67947200
2025-05-14,582.5170288085938,583.8949821637985,580.4846792150129,582.7351003798474,66283500
2025-05-15,585.3622436523438,585.8677897044162,580.0484736048338,580.5045239452851,71268100
2025-05-16,589.0699462890625,589.3673441171694,584.1924403834937,586.1454032115668,76052100
2025-05-19,589.7142944335938,590.3983396880136,583.0225710566098,583.0225710566098,68168500
2025-05-20,587.7315673828125,588.9212192076606,584.5096264657933,587.9695461543464,60614500
2025-05-21,577.827880859375,587.4639949903343,576.7968814516564,583.3597230362551,95197700
2025-05-22,578.0558471679688,581.5553390131786,576.3902984080268,577.629506378804,70860400
2025-05-23,574.1102294921875,576.7869310981343,570.6305234552773,571.0072475595028,76029000
2025-05-27,586.0463256835938,586.2049176986301,573.4361124467979,581.0101669642168,72588500
2025-05-28,582.65576171875,587.6522871583933,581.9221602554891,586.452712017421,68445500
2025-05-29,584.9557495117188,588.0785779673218,581.0101304856973,587.9397721452495,69973300
2025-05-30,584.3014526367188,586.026420478472,578.2045251191539,583.8454023131852,90601200
2025-06-02,587.5928344726562,587.6721002233023,580.008856873824,582.6855584091887,61630500
2025-06-03,590.9436645507812,591.9251076728165,586.7402198994458,587.226040295674,63606200
2025-06-04,590.7849731445312,592.7875526407612,590.3487695069823,591.8061095833268,57314200
2025-06-05,587.9298095703125,593.8284515327539,585.9470768439928,592.4702844558809,92278700
2025-06-06,593.96728515625,595.6426968087642,591.7069406984755,593.4913881340742,66588700
2025-06-09,594.5026245117188,596.0590770966814,593.322896017802,594.5422573867003,53016400
2025-06-10,597.873291015625,598.2598779419187,593.9177485918233,595.0379370041686,66247000
2025-06-11,596.1681518554688,599.8362200559476,594.0962297274801,598.9737360301211,73658200
2025-06-12,598.5374755859375,598.5374755859375,594.3440149953893,594.8297748594797,64129000
2025-06-13,591.8457641601562,596.6538671866508,590.338867810054,593.3328138188501,89506000
2025-06-16,597.4766845703125,599.2314224312138,595.0379014846701,595.2164006808653,79984100
2025-06-17,592.3711547851562,596.5546916720157,591.6077833451126,595.0280093001275,82209400
2025-06-18,592.281982421875,596.0293161899417,591.3203254879343,593.2733488854554,76605000
2025-06-20,590.8909301757812,596.041382049652,589.4789845501997,594.9675241520906,94051400
2025-06-23,596.7274780273438,597.1152078061239,588.5145735944315,591.6465733053511,87426000
2025-06-24,603.3196411132812,604.3834856367664,599.9688039561656,600.8836010096178,67735300
2025-06-25,603.65771484375,605.1392079707367,602.086708265907,604.4431877891288,62114800
2025-06-26,608.380615234375,608.8181084243395,604.9005750782753,605.517034479532,78548400
2025-06-27,611.4032592773438,612.8748603878714,607.3465704310272,609.3848675360332,86258400
2025-06-30,614.3265380859375,615.6887204777686,611.5325652115941,613.8592475033348,92502500
2025-07-01,614.127685546875,615.3009489521946,612.0098276707645,612.8450033281383,70030100
2025-07-02,616.9116821289062,616.9514321677677,613.0935543503272,613.7199664131181,66510400
2025-07-03,621.7738037109375,622.7084454552534,618.880365032573,618.9002703953504,51065800
2025-07-07,617.140380859375,620.471312902668,614.3464081455963,619.8050900817584,74814500
2025-07-08,616.8023681640625,618.5622329876766,615.9870371559156,617.8065573856337,59024600
2025-07-09,620.5010986328125,621.1573080723725,617.3690382262929,619.2184771119485,66113300
2025-07-10,622.2510986328125,623.2950985850023,619.4571258490619,620.6403419781,57529000
2025-07-11,620.0635986328125,621.2965174183169,617.9855515244625,619.1886122649546,63670200
2025-07-14,621.2467651367188,621.5947448449341,618.2539211725837,619.6061506560952,51898500
2025-07-15,618.592041015625,624.2793915612978,618.5124802515571,623.9413645164026,74317300
2025-07-16,620.66015625,621.1672575214722,614.5253596449445,620.1829130237127,88987500
2025-07-17,624.4583740234375,624.8163671275224,620.6204015046147,620.8391784397268,68885700
2025-07-18,624.0010375976562,625.8802131347736,622.8874296174818,625.7111996075373,65621600
2025-07-21,625.1842651367188,627.9384270926762,624.7567246264017,625.1842651367188,63375000
2025-07-22,625.2737426757812,626.1387764125508,622.6189860590433,625.5123643014988,60046300
2025-07-23,630.59326171875,630.59326171875,626.1387689061065,627.9483971288857,70511000
2025-07-24,630.802001953125,632.5221773472229,630.3744614468128,630.9809681636451,71307100
2025-07-25,633.4667358398438,633.9440397736063,631.2196750953526,631.4682494008442,56865400
2025-07-28,633.3076782226562,634.4013808975731,631.9156378299562,633.8445768779104,54917100
2025-07-29,631.63720703125,635.0277335557481,630.7224706603868,634.7095511904303,60556300
2025-07-30,630.841796875,634.0434045947875,627.9384054781906,632.2934318863223,80418900
2025-07-31,628.4754028320312,636.2010509521909,627.1728759033415,635.8133211591798,103385200
2025-08-01,618.1743774414062,622.7680859762785,615.7582427178595,622.7282752516747,140103600
2025-08-04,627.5704956054688,627.6201983240026,622.0124086950358,622.1018614509808,73218000
2025-08-05,624.3887329101562,629.0022861088522,623.4640438716077,628.1869551885334,68051400
2025-08-06,629.17138671875,629.8275961427472,624.5478806448895,625.462617040701,64357500
2025-08-07,628.6443481445312,633.347354057562,625.5222406525087,632.6115839056886,74205800
2025-08-08,633.5462646484375,634.0136158764692,630.125879949944,630.4440623273716,64051600
2025-08-11,632.29345703125,635.3062066703783,631.0406328520911,633.824713555593,58742300
2025-08-12,639.02490234375,639.1839632015094,633.1585242910344,634.6499701667667,64730800
2025-08-13,641.2123413085938,642.5049155421342,639.0149226306152,641.2321859855442,60092800
2025-08-14,641.27197265625,641.9381347685223,638.6768716045066,639.1242567818475,59327500
2025-08-15,639.7706298828125,642.4055418903916,638.8558933981693,642.3060757523746,68592500
2025-08-18,639.63134765625,640.327367802147,638.5177396976476,639.1938544805789,43804900
2025-08-19,636.1612548828125,640.4367204754008,634.8388226855677,639.4523760102862,69750700
2025-08-20,634.470947265625,636.0120957287904,629.3404006137462,635.7536294439067,88890300
2025-08-21,631.925537109375,634.3317192031022,630.1954697904521,632.6514152909955,54805800
2025-08-22,641.6299438476562,642.8131599802851,633.6159105915494,634.1230118894028,84083200
2025-08-25,638.8060302734375,641.6099553847616,638.6867194761113,640.3670840067143,51274300
2025-08-26,641.4807739257812,641.8288143683822,637.9112808564007,638.5376929659955,51581600
2025-08-27,642.9423828125,643.6781530071313,640.7449642231398,640.8941330732226,48341100
2025-08-28,645.2192993164062,645.7761033013204,641.6597591604225,643.548887361664,61519500
2025-08-29,641.3713989257812,644.1455269630451,639.472317969575,643.777581165663,74522200
2025-09-02,636.61865234375,636.8373685858147,631.2991262066306,633.8644298326893,81983500
2025-09-03,640.06884765625,640.5361988813526,636.8075845104526,639.0049424066366,70820900
2025-09-04,645.4181518554688,645.4480098993379,639.8401594892221,640.7449431803722,65219200
2025-09-05,643.5488891601562,648.4905776412766,639.6612139364762,647.7646994415851,85178900
2025-09-08,645.1298217773438,646.1340715853498,643.5389099622073,644.9209975333657,63133100
2025-09-09,646.6212768554688,647.148222783044,643.5289666240282,645.2689866211995,66133900
2025-09-10,648.4906005859375,650.8172220560821,646.9195940128865,649.8925329397852,78034500
2025-09-11,653.8796997070312,654.5757199134183,649.8627606991871,650.4493620868353,69934400
2025-09-12,653.660888671875,655.3512060315065,653.1538480823614,653.8498075653706,72780100
2025-09-15,657.1409301757812,657.2701936656516,655.5799369896564,655.8782140097094,63772400
2025-09-16,656.2361450195312,658.0060231465056,655.450672087237,657.6977327581834,61169000
2025-09-17,655.4208374023438,657.9463305061431,650.5686620900484,656.2461210913638,101952200
2025-09-18,658.4832763671875,661.0982828700095,656.5046346401509,658.1153912564865,90459200
2025-09-19,661.74462890625,662.5921003065068,658.4244226642126,660.3786700487054,97945600
2025-09-22,664.8753662109375,665.3239917254978,660.2190812650523,660.2490220888672,69452200
2025-09-23,661.256103515625,665.3739407705357,660.0296859026699,664.7557113987294,81708900
2025-09-24,659.1522216796875,662.6518901422049,657.7264420940938,662.5522091075384,68082200
2025-09-25,656.1112670898438,657.4672457066506,652.4819765077987,656.0016057727498,89622100
2025-09-26,659.8701782226562,660.4185456623683,655.9417836675868,657.5669862915963,69179200
2025-09-29,661.7246704101562,663.3199930316334,659.9100251593522,662.4026597035332,73499000
2025-09-30,664.21728515625,664.6859320813617,659.6607420426623,660.976860345401,86288000
2025-10-01,666.4806518554688,667.3979243492374,661.1065170498754,661.2161783670498,72545400
2025-10-02,667.248291015625,668.5943501107935,664.8155382515555,668.4747085274895,56896000
2025-10-03,667.2384033203125,670.6981508367895,666.1914481336265,668.0160736487628,70494400
2025-10-06,669.6312866210938,670.5286593813627,667.4876574687494,669.6412668959266,54623300
2025-10-07,667.1486206054688,671.0072138668005,665.7028804529681,670.5585274945992,72020100
2025-10-08,671.1268920898438,671.2266339865188,667.4477610054765,668.2753327277967,60702200
2025-10-09,669.1826171875,671.9544560264949,667.2384109165724,671.5456907353398,66501900
2025-10-10,651.0960693359375,671.9643973425017,650.9166069608107,670.1497521868876,159422600
2025-10-13,661.0865478515625,663.170417127303,657.8262232173948,658.7036354539871,79560500
2025-10-14,660.2789306640625,663.8683609233883,651.2456255038628,655.2338407773344,88779600
2025-10-15,663.2102661132812,668.2553559603689,656.988660072404,664.855429242796,81702600
2025-10-16,658.6936645507812,666.7398963555108,655.1740352792065,664.8554499895176,110563300
2025-10-17,662.4326171875,663.7985760836355,656.2010306703355,657.5570092911896,96500900
2025-10-20,669.3222045898438,670.2295576279439,665.3041094156895,665.3539499346838,60493400
2025-10-21,669.3121948242188,671.0071983826805,668.0060568363804,669.4617772299453,56249000
2025-10-22,665.83251953125,670.0201576878661,661.3457774038759,670.0201576878661,80564000
2025-10-23,669.7808837890625,670.7280970890292,665.8325287543602,666.1515932793667,65604500
2025-10-24,675.2546997070312,676.4710761570719,673.6594379369009,674.4670490970213,74356500
2025-10-27,683.2211303710938,683.5202343374859,680.1103274099472,680.7185156175003,63339800
2025-10-28,685.0357666015625,686.8802917495992,682.8123561492805,685.0257863269245,61738100
2025-10-29,685.3648071289062,687.6679989086465,680.8581046045199,686.6908448301914,85657100
2025-10-30,677.8270874023438,683.919071384824,677.8270874023438,681.8851035842282,76335800
2025-10-31,680.050537109375,683.0616591685175,677.2388379885472,683.0217380676526,87164100
2025-11-03,681.3267822265625,683.7794956694769,677.9367749059246,683.6498738048132,57315000
2025-11-04,673.2506103515625,677.9567360174515,672.5925816080086,674.1180423048241,78427000
2025-11-05,675.583740234375,678.8540450990596,672.1837526501265,672.9913638051393,74402400
2025-11-06,668.3351440429688,675.384321857154,666.7498016918889,674.4769688014325,85035300
2025-11-07,668.9931640625,669.1028862313885,659.2619700189845,665.9421818455136,100592400
2025-11-10,679.432373046875,680.1701831536659,673.0412846911101,675.2447347362015,75842900
2025-11-11,680.9877319335938,681.5560598909952,676.7302928180768,677.9467300747958,58953400
2025-11-12,681.3666381835938,682.9420002443612,678.9438047256676,682.7724572806613,62312500
2025-11-13,670.0599975585938,678.8540191634994,668.5445172010542,678.4950944095032,103457800
2025-11-14,669.9503784179688,673.669369761962,661.3159189526839,663.4196879466924,96846700
2025-11-17,663.7088012695312,671.7251529532939,660.2191128892804,667.7269573864955,90456100
2025-11-18,658.1353149414062,663.1604443809363,653.9277160969795,660.1493223141129,114467500
2025-11-19,660.6777954101562,665.3739409367662,656.8092216159307,658.8332701356088,94703000
2025-11-20,650.6075439453125,673.5696612658603,649.969414909385,670.9274443593279,165293500
2025-11-21,657.08837890625,662.5920743656175,648.9324254696204,653.1200634979649,123956200
2025-11-24,666.759765625,668.0858642133718,659.6408477705503,660.7375826041805,80437900
2025-11-25,673.03125,674.2177464111714,662.5222643995295,666.6600618545837,81077100
2025-11-26,677.6775512695312,679.6916195137131,674.7262499751725,675.6336030547216,71879600
2025-11-28,681.3765869140625,681.6557303234264,678.4950869285864,678.8540116786253,49212000
2025-12-01,678.2658081054688,680.9777652313311,676.7402865806703,676.8100876493213,61201200
2025-12-02,679.5220947265625,681.8053259843603,677.3285642303521,679.91089945233,62953800
2025-12-03,681.8751220703125,682.8920755410956,677.6874840363832,678.5648962284573,57238500
2025-12-04,682.3736572265625,683.3507504660292,679.3326553413237,683.2809493981625,61970300
2025-12-05,683.6697998046875,686.3618571461667,682.5630847287977,683.4504163312143,79241000
2025-12-08,681.6159057617188,684.6170474876437,679.5619773329797,684.5672069678625,55231500
2025-12-09,681.027587890625,683.3707007727439,680.5789623765876,681.1373100558188,58310100
2025-12-10,685.5443115234375,686.9401503769751,679.3027447895911,680.5490620813229,85671300
2025-12-11,687.1395263671875,687.2193077079016,680.1601500103427,683.1214313379483,86173700
2025-12-12,679.7514038085938,686.8504219479569,677.1690077077839,686.1424918468441,113160300
2025-12-15,678.7244262695312,683.7396361862291,677.2488060921288,683.7196756361553,90811000
2025-12-16,676.8699340820312,679.0734449717613,672.9913800472318,677.2288588584025,122030600
2025-12-17,669.4219360351562,678.4352803496147,669.2225131069573,677.8869129385677,110625200
2025-12-18,674.4769287109375,678.7343677454887,672.9116078583543,675.603604329658,108650100
2025-12-19,680.5900268554688,681.0900268554688,676.469970703125,676.5900268554688,103599500
2025-12-22,684.8300170898438,685.3599853515625,680.5900268554688,683.9400024414062,69556700
2025-12-23,687.9600219726562,688.2000122070312,683.8699951171875,683.9199829101562,64840000
2025-12-24,690.3800048828125,690.8300170898438,687.7999877929688,687.9500122070312,39445600
2025-12-26,690.3099975585938,691.6599731445312,689.27001953125,690.6400146484375,41613300
2025-12-29,687.8499755859375,689.2000122070312,686.0700073242188,687.5399780273438,62559500
2025-12-30,687.010009765625,688.5599975585938,686.5800170898438,687.4500122070312,47160700
2025-12-31,681.9199829101562,687.3599853515625,681.7100219726562,687.1400146484375,74144800
2026-01-02,683.1699829101562,686.8699951171875,679.8200073242188,685.7100219726562,89377200
2026-01-05,687.719970703125,689.4299926757812,686.3800048828125,686.5399780273438,71927200
2026-01-06,691.8099975585938,692.3200073242188,687.780029296875,687.9299926757812,69273800
2026-01-07,689.5800170898438,693.9600219726562,689.3200073242188,692.1900024414062,75588300
2026-01-08,689.510009765625,690.6199951171875,687.489990234375,688.8200073242188,64019200
2026-01-09,694.0700073242188,695.3099975585938,689.1799926757812,690.6300048828125,80125500
2026-01-12,695.1599731445312,696.0900268554688,690.6300048828125,690.6799926757812,63976000
2026-01-13,693.77001953125,696.0900268554688,691.3499755859375,695.489990234375,78309700
2026-01-14,690.3599853515625,691.719970703125,686.0399780273438,691.0,94676700
2026-01-15,692.239990234375,695.4500122070312,691.25,694.5700073242188,77862000
2026-01-16,691.6599731445312,694.25,690.0999755859375,693.6599731445312,79289200
2026-01-20,677.5800170898438,684.77001953125,676.5700073242188,681.489990234375,111623300
2026-01-21,685.4000244140625,688.739990234375,678.1300048828125,679.6500244140625,127844500
2026-01-22,688.97998046875,691.1300048828125,686.9199829101562,689.8499755859375,77112200
2026-01-23,689.22998046875,690.9600219726562,687.1599731445312,688.1500244140625,63059600
2026-01-26,692.72998046875,694.1300048828125,689.9199829101562,690.489990234375,60473800
2026-01-27,695.489990234375,696.530029296875,693.5700073242188,694.1799926757812,55506100
2026-01-28,695.4199829101562,697.8400268554688,693.9400024414062,697.0499877929688,61172200
2026-01-29,694.0399780273438,697.0599975585938,684.8300170898438,696.3900146484375,97486200
2026-01-30,691.969970703125,694.2100219726562,687.1199951171875,691.7899780273438,101835100
2026-02-02,695.4099731445312,696.9299926757812,689.4199829101562,689.5800170898438,79286500
2026-02-03,689.530029296875,696.9600219726562,684.030029296875,696.2100219726562,107904600
2026-02-04,686.1900024414062,691.4500122070312,681.760009765625,690.3499755859375,105204600
2026-02-05,677.6199951171875,683.6900024414062,675.7899780273438,680.9400024414062,113610800
2026-02-06,690.6199951171875,692.3099975585938,680.8499755859375,681.4600219726562,89127600
2026-02-09,693.9500122070312,695.8699951171875,688.3400268554688,689.4199829101562,73885200
2026-02-10,692.1199951171875,696.5399780273438,691.6599731445312,694.9500122070312,65185700
2026-02-11,691.9600219726562,697.1400146484375,689.1799926757812,696.3900146484375,76353900
2026-02-12,681.27001953125,695.3499755859375,680.3699951171875,694.239990234375,118829000
2026-02-13,681.75,686.280029296875,677.52001953125,681.6900024414062,96267500
2026-02-17,682.8499755859375,684.9400024414062,675.780029296875,680.1400146484375,81354700
2026-02-18,686.2899780273438,689.1500244140625,682.8300170898438,684.02001953125,73570300
2026-02-19,684.47998046875,686.1799926757812,681.5499877929688,683.8400268554688,58649400
2026-02-20,689.4299926757812,690.0599975585938,681.72998046875,682.3200073242188,100034000
2026-02-23,682.3900146484375,690.0,680.3699951171875,687.8300170898438,90558100
2026-02-24,687.3499755859375,688.3499755859375,680.0,681.9000244140625,73798700
2026-02-25,693.1500244140625,693.6799926757812,690.0999755859375,690.1799926757812,56369500
2026-02-26,689.2999877929688,693.2999877929688,684.3499755859375,693.280029296875,71671000
2026-02-27,685.989990234375,686.8599853515625,681.6400146484375,683.0900268554688,83308900
2026-03-02,686.3800048828125,688.6199951171875,678.02001953125,678.7000122070312,87477200
2026-03-03,680.3300170898438,682.6099853515625,669.6599731445312,675.0599975585938,105003100
2026-03-04,685.1300048828125,687.0900268554688,679.6199951171875,681.6300048828125,79182200
2026-03-05,681.3099975585938,685.530029296875,675.6099853515625,682.0800170898438,106606500
2026-03-06,672.3800048828125,676.1099853515625,669.760009765625,673.4099731445312,100687000
2026-03-09,678.27001953125,679.9199829101562,662.3900146484375,666.3900146484375,102667700
2026-03-10,677.1799926757812,683.3599853515625,674.760009765625,677.719970703125,81505300
2026-03-11,676.3300170898438,680.0800170898438,673.3400268554688,677.5800170898438,68441700
2026-03-12,666.0599975585938,671.6500244140625,665.8699951171875,671.1599731445312,108882200
2026-03-13,662.2899780273438,672.3400268554688,661.3599853515625,669.27001953125,97200200
2026-03-16,669.030029296875,672.0700073242188,667.1199951171875,668.3800048828125,82023100
2026-03-17,670.7899780273438,674.4400024414062,669.8499755859375,672.3900146484375,64870042
